-- phpMyAdmin SQL Dump
-- version 5.1.0
-- https://www.phpmyadmin.net/
--
-- 主機： localhost
-- 產生時間： 2021 年 09 月 11 日 12:25
-- 伺服器版本： 10.4.19-MariaDB
-- PHP 版本： 8.0.6

SET SQL_MODE = "NO_AUTO_VALUE_ON_ZERO";
START TRANSACTION;
SET time_zone = "+00:00";


/*!40101 SET @OLD_CHARACTER_SET_CLIENT=@@CHARACTER_SET_CLIENT */;
/*!40101 SET @OLD_CHARACTER_SET_RESULTS=@@CHARACTER_SET_RESULTS */;
/*!40101 SET @OLD_COLLATION_CONNECTION=@@COLLATION_CONNECTION */;
/*!40101 SET NAMES utf8mb4 */;

--
-- 資料庫： `iSport`
--

-- --------------------------------------------------------

--
-- 資料表結構 `admin_user`
--

CREATE TABLE `admin_user` (
  `id` int(10) UNSIGNED NOT NULL,
  `username` varchar(20) COLLATE utf8mb4_unicode_ci NOT NULL,
  `email` varchar(30) COLLATE utf8mb4_unicode_ci NOT NULL DEFAULT '0',
  `password` varchar(255) COLLATE utf8mb4_unicode_ci NOT NULL
) ENGINE=InnoDB DEFAULT CHARSET=utf8mb4 COLLATE=utf8mb4_unicode_ci;

--
-- 傾印資料表的資料 `admin_user`
--

INSERT INTO `admin_user` (`id`, `username`, `email`, `password`) VALUES
(1, 'admin1', '0', '62670d1e1eea06b6c975e12bc8a16131b278f6d7bcbe017b65f854c58476baba86c2082b259fd0c1310935b365dc40f609971b6810b065e528b0b60119e69f61'),
(2, 'admin1', 'hsue1207@gmail.com', '62670d1e1eea06b6c975e12bc8a16131b278f6d7bcbe017b65f854c58476baba86c2082b259fd0c1310935b365dc40f609971b6810b065e528b0b60119e69f61'),
(3, 'admin1', 's19910507@gmail.com', '62670d1e1eea06b6c975e12bc8a16131b278f6d7bcbe017b65f854c58476baba86c2082b259fd0c1310935b365dc40f609971b6810b065e528b0b60119e69f61'),
(4, 'admin1', 'angela1393aa@gmail.com', '62670d1e1eea06b6c975e12bc8a16131b278f6d7bcbe017b65f854c58476baba86c2082b259fd0c1310935b365dc40f609971b6810b065e528b0b60119e69f61'),
(5, 'admin1', 'reverie0926@gmail.com', '62670d1e1eea06b6c975e12bc8a16131b278f6d7bcbe017b65f854c58476baba86c2082b259fd0c1310935b365dc40f609971b6810b065e528b0b60119e69f61'),
(6, 'admin1', 'liuayo1111@gmail.com', 'bd877cf94f1a63123c8bec5abdd126b988361989e473efb80fc6cd5b5f21a0b83850212c94b50a7018538aa741ee5da65610b4da6c18e42edaea07e1be5629cf'),
(7, 'admin1', 'rose3476679@gmail.com', '62670d1e1eea06b6c975e12bc8a16131b278f6d7bcbe017b65f854c58476baba86c2082b259fd0c1310935b365dc40f609971b6810b065e528b0b60119e69f61');

-- --------------------------------------------------------

--
-- 資料表結構 `article`
--

CREATE TABLE `article` (
  `id` int(6) UNSIGNED NOT NULL,
  `article_name` varchar(50) COLLATE utf8_unicode_ci NOT NULL,
  `added_by` varchar(100) COLLATE utf8_unicode_ci NOT NULL,
  `upload_date` datetime DEFAULT current_timestamp(),
  `content` text COLLATE utf8_unicode_ci NOT NULL,
  `category` tinyint(3) NOT NULL,
  `category_tag` tinyint(4) NOT NULL,
  `photos` varchar(120) COLLATE utf8_unicode_ci NOT NULL,
  `views` int(6) NOT NULL,
  `valid` tinyint(1) NOT NULL DEFAULT 1
) ENGINE=InnoDB DEFAULT CHARSET=utf8 COLLATE=utf8_unicode_ci;

--
-- 傾印資料表的資料 `article`
--

INSERT INTO `article` (`id`, `article_name`, `added_by`, `upload_date`, `content`, `category`, `category_tag`, `photos`, `views`, `valid`) VALUES
(1, '1', '燃燒脂肪作戰! 8種比跑步更高效和燃脂的有氧運動', '2021-08-20 22:21:16', '<p style=\"text-align:center;\"><span style=\"background-color:hsl(60,75%,60%);\">1. 敏捷梯</span></p><p style=\"text-align:center;\"><span style=\"color:hsl(30,75%,60%);\">完成敏捷梯訓練需要瞬間爆發力、平衡和協調性，如果規劃好休息和運動間隔，敏捷梯是非常消耗的有氧訓練。除此之外，敏捷梯訓練還能提升大腦效能，2014年空軍實驗室的研究發現能提升心智表現，包含記憶力和專注力等。</span></p><p style=\"text-align:center;\"><span style=\"background-color:hsl(60,75%,60%);\">2. 壺鈴&nbsp;</span></p><p style=\"text-align:center;\"><span style=\"color:hsl(210,75%,60%);\">甩動訓練壺鈴甩動能鍛鍊髖部和大腿的大肌群，根據Wisconsin大學的研究，20分鐘的壺鈴運動平均每分鐘消耗20.2卡和達到心跳率最大值的93%。</span></p><p style=\"text-align:center;\"><span style=\"background-color:hsl(60,75%,60%);\">3. 室內划船運動&nbsp;</span></p><p style=\"text-align:center;\"><span style=\"color:hsl(120,75%,60%);\">划船機是歐美機乎家戶必備的居家訓練器材，根據哈佛大學的研究，體重85公斤的男人在30分鐘的划船機運動中能消耗377卡，或者是說，每分鐘消耗12.5卡，同時你必須用到手臂、腿部和背肌，因此划船訓練也是很好的全身性燃脂運動。</span></p><p style=\"text-align:center;\"><span style=\"background-color:hsl(60,75%,60%);\">4. 波比&nbsp;</span></p><p style=\"text-align:center;\">波比運動中，80公斤的人每一次波比能消耗1.43卡，每分鐘最少10次波比就已經是相當燃脂的運動。</p><p style=\"text-align:center;\"><span style=\"background-color:hsl(60,75%,60%);\">5. 風阻車&nbsp;</span></p><p style=\"text-align:center;\">根據研究，風阻車每分鐘約消耗87大卡，阻力調越強則消耗卡路里越多。風阻車的訓練是60秒全力踩踏後休息1分鐘的效果最佳。</p><p style=\"text-align:center;\"><span style=\"background-color:hsl(60,75%,60%);\">6. 跳繩&nbsp;</span></p><p style=\"text-align:center;\">中強度的跳繩運動，約每分鐘100-120迴旋，每分鐘約消耗13卡，而跳繩也比慢跑運用更多肌肉，也鍛鍊平衡和諧調性。</p><p style=\"text-align:center;\"><span style=\"background-color:hsl(60,75%,60%);\">7. “Cindy”&nbsp;</span></p><p style=\"text-align:center;\">Cindy是效率極佳CrossFit運動組合，包含5下仰臥起坐、10下伏地挺身和15秒跳躍深蹲，Cindy最好是能做到20分鐘以上，燃脂外也能訓練肌群。&nbsp;</p><p style=\"text-align:center;\">8. 戰繩 根據紐澤西大學的最新研究，戰繩訓練是效果最佳的有氧運動，每分鐘能消耗10.3卡，同時能訓練核心、手臂等。</p><p style=\"text-align:center;\"><span style=\"background-color:hsl(0, 75%, 60%);color:hsl(0, 0%, 100%);\">文章出處來自: https://www.sportsv.net/articles/53610</span></p>', 1, 1, '1.jpg', 133, 1),
(2, '2', '有氧運動時間越長≠燃脂和減肥效果越好　加入適量肌力很重要', '2021-08-20 22:21:45', '<p>根據研究顯示，有氧運動的好處有這些：</p><p><span style=\"color:hsl(0,0%,0%);\"><strong>&nbsp;1 增加心肺帶氧能力：</strong></span></p><p>&nbsp;心肺功能是可以透過訓練增強的。平時若缺乏運動習慣，一下子從事太過激烈或高強度運動時，可能會感到頭暈目眩、想吐、臉色發白等，那是因為血液中氧氣來不及供給，但是透過運動時間的增加，心肺帶氧能力也會進步，每一次心臟的跳動可以運送更多血液，想要一顆強而有力的心臟，就需要慢慢累積你的心肺適應能力。適量有氧也能幫助你的肌肉更有效地利用脂肪當作能量來源，提升燃脂能力。</p><p><span style=\"color:hsl(0,0%,0%);\"><strong>&nbsp;2 助眠放鬆：</strong></span></p><p>&nbsp;你或許有過運動完失眠，睡眠品質變很差，甚至開始便秘或是脹氣等生理狀況的改變，這很有可能是你平時的運動強度過高，或運動時間太接近睡眠時間，讓交感神經系統主導了你的身體，若長期處於這種高壓狀況對身體是不好的，也會影響到運動後肌肉的合成和營養吸收。但低強度的有氧運動主要是由副交感神經系統主導，幫助身體肌肉的合成和放鬆休息，研究顯示失眠者在傍晚從事低強度有氧運動，晚上入睡的速度會提升57%。有氧運動也可以幫助排解重訓帶來的肌肉痠痛，若當你真的全身痠痛時，不妨試著做一些簡單動態恢復，維持交感神經和副交感神經、自律神經的平衡。&nbsp;</p><p><span style=\"color:hsl(0,0%,0%);\"><strong>3 幫助你在無氧運動時能更快恢復：</strong></span></p><p>&nbsp;當你從事高強度運動時，身體會從有氧區間進入到無氧區間（乳酸系統/ 醣酵解系統），在每一次高強度的全力動作下，心跳越來越快，如果你的心臟運作功能不佳，無氧運動重複2 到3 次後，心跳率可能難以降低，身體被困在無氧區間內，上氣不接下氣， 你的速度就會開始減慢、動作遲緩。而這時，增加一些低強度的有氧訓練，可以讓你心臟運作更有效率，好的有氧供應系統能幫助你在無氧代謝能力表現上更好，無氧運動時更快恢復。 有氧運動的好處那麼多，所以你是不是跟以前的我一樣，想減肥減脂， 每天就花大把大把的時間在快走、慢跑、健身操、踏步機之類的低強度有氧運動上，只是為了甩掉身上那幾塊肥油？ 沒錯，有氧運動相對強度較低，心跳率大約維持在50% 至70% 左右， 身體當然可以長時間持續運動。一開始接觸運動的人總有個迷思，覺得運動時間越長，燃脂和減肥的效果越好。的確，或許在運動初期，從事低強度的有氧運動，會讓你覺得體能越來越好，畢竟一開始慢跑15 分鐘就累的你， 半個月後卻可以跑30 分鐘，這是因為你身體的神經系統開始適應，心肺帶氧能力提升，需要的力量和供氧比一開始還要少，所以你發</p><p><span style=\"background-color:hsl(0,75%,60%);color:hsl(0,0%,100%);\">文章出處來自:&nbsp;https://51fit.com.cn/75056/</span></p>', 1, 2, '2.jpg', 0, 1),
(3, '3', '【知識】戴口罩到底能不能運動？近期熱議的「快樂缺氧」到底是什麼？就讓醫師來解答', '2021-08-20 22:22:21', '<p>對於跑者來說，保持了多年的跑步習慣，在現在只能閉鎖家中讓許多人很難受，除了能在居家鍛鍊肌力、陽台、家中跑外，仍有部分跑者希望戴著口罩到戶外練跑，雖然我們仍不鼓勵在三級警戒時出門運動，但如果等到疫情緩和解禁時，想要戴口罩出門跑步那是否可行呢？&nbsp;</p><p>於是我們訪問到了 台大醫院 林孟廷 醫師來與各位跑者聊聊有關於戴口罩運動這件事。</p><p>Ｑ：首先想問醫師對於高雄男子戴口罩運動昏厥的新聞，有什麼樣的看法？</p><p>Ａ：我認為看到這則新聞當下，感覺多數民眾會認為戴口罩運動這件事看起來好像很危險、會暈倒、休克等狀況，但不過我們可以看到美國 CDC 建議去戶外運動，仍是要帶著口罩，並且要在能夠保持安全距離、通風良好的狀態下；如果沒辦法達成，CDC 建議你居家運動。如果真的想要出門進行運動，建議以低強度運動開始做起。 另外有研究指出有戴口罩、沒戴口罩，對於身體的心跳、血壓、血氧這些生理指標，都是差不多的，這意味著戴口罩運動其實是安全的。但是，這邊必須要注意的是上述這些研究都是針對正常健康狀態下的人。&nbsp;</p><p>Ｑ：聽完醫師分享，那有一個疑問是在 2020 年疫情初期，日方學者卻提到運動不要戴口罩，為何會有這樣不同調的論點？&nbsp;</p><p>Ａ：為何有人說戴口罩不安全，我認為這個還是要先回歸到一個最重要的先決條件是，這個人是健康的還是有生病的人，定義完我們才能去談後續這件事是否安全，而對於健康的人來說，就目前的醫學證據來看，戴口罩運動是相對安全的。 但像是日方學者的論點，要先看談論的對象是否為生病的患者，如果是針對患者來說，的確有些研究指出有心臟、肺部疾病的患者在戴口罩的情況下運動，會因為口罩使身體的二氧化碳濃度累積上升，對人體的心肺系統造成一些壓力，可能就會造成運動表現下降、變喘，在嚴重一點甚至可能導致休克、暈厥的狀況。 所以我認為在談論戴口罩運動是否安全，最重要的是 “這個人” 是否是健康的。</p><p>Ｑ：像現在心血管疾病年輕化，又不容易被察覺，我該如何在跑步前確認自己健康狀況？&nbsp;</p><p>Ａ：當然，如果想要掌握好自己的身體狀況，每年固定健康檢查是很重要的，到一定年紀時，每年規律的做健康檢查，不管是抽血、拍 X 光、讓醫師做一些理學檢查（體檢）都是非常有必要的。再來就是說如果您每年都有按時做</p><p><span style=\"background-color:hsl(0,75%,60%);color:hsl(0,0%,100%);\">文章出處來自:&nbsp;https://running.biji.co/index.php?q=news&amp;act=info&amp;id=105731&amp;subtitle=%E3%80%90%E7%9F%A5%E8%AD%98%E3%80%91%E6%88%B4%E5%8F%A3%E7%BD%A9%E5%88%B0%E5%BA%95%E8%83%BD%E4%B8%8D%E8%83%BD%E9%81%8B%E5%8B%95%EF%BC%9F%E8%BF%91%E6%9C%9F%E7%86%B1%E8%AD%B0%E7%9A%84%E3%80%8C%E5%BF%AB%E6%A8%82%E7%BC%BA%E6%B0%A7%E3%80%8D%E5%88%B0%E5%BA%95%E6%98%AF%E4%BB%80%E9%BA%BC%EF%BC%9F%E5%B0%B1%E8%AE%93%E9%86%AB%E5%B8%AB%E4%BE%86%E8%A7%A3%E7%AD%94</span></p>', 1, 2, '3.jpg', 0, 1),
(4, '4', '有氧運動害肌肉長不出來？ 把握3訣竅才能維持好體態', '2021-08-20 22:22:42', '<p>無論是為了減肥塑型或是增加身體肌力，重訓一直都是許多人的習慣，不過對於重訓的想法和策略，卻是眾說紛紜，當中討論度最高莫過於「做有氧會不會掉肌肉」，對此醫師則表示，有氧運動並非完全不能做，而是要把握<span style=\"background-color:hsl(60,75%,60%);\">低衝擊、每週3次、每次不超過30分鐘</span>的要點，並避免重量和有氧長期同時訓練，才能將影響降至最低。 桃園恆新復健科診所醫師王思恒在YouTube頻道「一分鐘健身教室」發布影片，提出一份2020年澳洲研究，研究將32位有運動習慣的男性分為每週鍛鍊3天專項的重訓組和有氧組，以及每天重訓、有氧交替鍛鍊的綜合組，3個月後發現，無論在腿推、腿部曲伸（leg extension）、臥推數值，以及肌肥力的進步程度，重訓組和綜合組都相距不大。&nbsp;</p><p>王思恒表示，會有這樣的結果在於「怎麼做有氧運動」，由於研究中的有氧訓練為踩飛輪的低衝擊有氧，相較於跑步、跳繩等高衝擊有氧，對肌肉成長影響較小，因此若要做有氧訓練，建議追求肌肉量和肌力的人，選擇低衝擊有氧運動。</p><p>&nbsp;此外「有氧頻率」和「有氧訓練量」也是關鍵，王思恒指出，１週做個3天有氧對肌力並無顯著影響，但做到5-6天，就可能會有練不壯的情形，此外，每次運動的有氧時間應控制在20-30分鐘，過多就會對肌肉造成影響。 王思恒提到，只要把握低衝擊、每週3次、每次不超過30分鐘，有氧就不會嚴重干擾肌肉成長，但若長期同時做重量和有氧訓練，終究會互相干擾，但他也強調，剛接觸重訓的人因為各項肌力皆不高，因此不必太擔心兩者相互影響，但若經驗已相當豐富，建議必須做出取捨，選擇專項做訓練才能維持狀態。</p><p><span style=\"background-color:hsl(0,75%,60%);color:hsl(0,0%,100%);\">文章出處來自:&nbsp;https://health.ltn.com.tw/article/breakingnews/3418868</span></p>', 1, 3, '2.jpg', 145, 1),
(5, '5', '有氧運動天天做？5種情況快按暫停鍵', '2021-08-20 22:23:44', '<p>有氧運動能強化心肺功能，讓體內的氧氣和血液運送得更順暢，包括走路、跑步、騎腳踏車、爬山、游泳等都算有氧運動，WHO建議，不管選擇哪一種，每次至少要持續10分鐘以上，才能獲得有氧運動的好處。&nbsp;</p><p>相較於重訓被認為要適度休息1、2天讓肌肉修復，天天都進行有氧運動的人並不少，例如有人天天慢跑，或天天晨泳，但是有氧運動真的不需要按下暫停鍵嗎？</p><p>&nbsp;顧心血管兼紓壓，天天做有氧運動好處多 以中至高強度的有氧運動（例如快走）來說，每天運動 30 分鐘對多數人都是健康而安全的，好處包括： 增進心血管健康 提升睡眠品質 血液流動順暢，降低高血壓的風險 幫助燃燒脂肪（推薦閱讀：如何提高新陳代謝讓減重更有效？專家：運動是關鍵） 改善心情、降低壓力 天天做有氧運動也有壞處，5種情況要按暫停鍵 雖然天天做好處不少，但有時候也會有反作用，包括身心的疲憊、運動傷害，如果沒有補充足夠熱量來讓身體用做運動時的燃料，也可能導致肌肉流失。</p><p>&nbsp;以下5個指標更顯示你已經做過量：</p><p><span style=\"background-color:hsl(60,75%,60%);\">肌肉痠痛</span>持續好一段時間 、<span style=\"background-color:hsl(60,75%,60%);\">關節疼痛</span> 、<span style=\"background-color:hsl(60,75%,60%);\">本來覺得很輕鬆的運動項目突然變難</span> 、<span style=\"background-color:hsl(60,75%,60%);\">對運動的熱忱與興趣降低</span> 、<span style=\"background-color:hsl(60,75%,60%);\">睡眠品質變差</span> 出現以上5種情況就要考慮降低頻率，<span style=\"background-color:hsl(60,75%,60%);\">運動前務必熱身</span>，運動前中後更要<span style=\"background-color:hsl(60,75%,60%);\">大量補充水分</span>，如果還是沒改善，就要諮詢醫師。尤其有心臟病、呼吸道疾病、關節炎或其他長期性的症狀，更要斟酌自身狀況來調整頻率。 其實運動量並沒有絕對的上限，因為每個人能承受的運動量會隨著健康狀況、胖瘦、是否有慢性病而改變，所以頻率應該彈性調整，而不是一味地拚命運動。</p><p><span style=\"background-color:hsl(0,75%,60%);color:hsl(0,0%,100%);\">文章出處來自:&nbsp;https://www.commonhealth.com.tw/article/82638</span></p>', 1, 4, '1.jpg', 123, 1),
(7, '米血', '肌肥大原理、重點與課表安排', '2021-08-20 22:24:13', '<p>肌肥大的三個主要原理&nbsp;</p><p>原理一、機械張力&nbsp;</p><p>就是當你肌肉細胞感受到肌肉收縮時有一個阻力存在，就會送出幫助肌肉合成的信號，比如說刺激到AKT/mTOR路徑，就是一個很重要的肌肉合成路徑以及刺激蛋白質合成。 * 重點. 機械張力跟訓練強度是有直接關係 就是負重越多就會被刺激的越多，但也不是說超重讓你無法好好控制而失去張力，我會建議你在肌肥大課表中，一定要有一個比較大重量的訓練，每個部位你可以找一個負重可以比較多的動作，像是深蹲、硬舉、臥推、划船、肩推、下拉，然後選擇一組大概是做6~8下的重量來做訓練。 * 重點. 離心收縮時的張力是非常重要的 離心收縮時其實可以負荷更多重量，而且離心收縮刺激的肌肉主要是快縮肌肌束的長度；向心主要是針對粗度，所以向心跟離心都要做好做滿才會又長又粗。 我會建議你除了每個動作都要控制好離心收縮之外，每個部位可以找一個動作來針對離心收縮的高強度訓練。</p><p>&nbsp;原理二、代謝壓力&nbsp;</p><p>當代謝物像是乳酸、氫離子、肌酸之類的，囤積在肌肉纖維中讓你的細胞腫脹，這個腫脹會讓肌肉想要增強他的結構，來達到肌肥大的效果。&nbsp;</p><p>原理三、肌肉破壞&nbsp;</p><p>當肌肉受到維創時他就會發炎，然後白血球之類的就會跑過並且刺激幫助修復的細胞來幫助肌肉修復且變得更堅韌。 代謝壓力跟肌肉破壞這兩個點，其實目前還是有爭議的。&nbsp;</p><p>最近大家比較推崇的點是肌肉疲勞，才是真正會造成肌肥大，基本上就是說接近力竭的最後那幾下才是實際上對肌肥大有效的。&nbsp;</p><p>這句話很久以前就從阿諾的口中說出來過，只是最近有更多研究證實這個理論，所以其實巨巨跟細細只有幾下之隔，為了達到真正的肌肉疲勞，可以搭配一些巨大組、遞減組在訓練菜單中，等等會有訓練範例給大家看，這邊先建議大家不是每個動作或是每個人都應該要做到完全力竭，因為有下一個很重要的增肌重點，就是訓練量以及漸進性負重增加，如果每個動作每一組都做到完全力竭，那對神經壓力、壓力荷爾蒙分泌都會出現問題，同時肌肉會因為被破壞太多而難以進步，也需要花太多的時間來完全修復，所以長期來講訓練量很難穩定提升。&nbsp;</p><p>肌肥大與次數、訓練量的關係 常常聽到說一組做8-12下的練法是最好的肌肥大次數，但研究已經證實，只要訓練量相同，4-20下一組，肌肥大(增肌)效果都是一樣的。</p><p><span style=\"background-color:hsl(0,75%,60%);color:hsl(0,0%,100%);\">文章出處來自:&nbsp;https://www.peeta.tw/workout/hypertrophy/</span></p>', 2, 4, '3.jpg', 124, 1),
(8, '米血', '避免過度訓練 – 找到理想的訓練量', '2021-08-20 22:24:58', '<p>過度訓練之訓練組數與肌肥大</p><p>我們都知道要增肌（肌肥大）最重要的關鍵就是慢慢提高訓練量，但是訓練量太多又容易過度訓練，所以到底要怎麼樣找到適合自己的訓練量呢我們就給他看下去。&nbsp;</p><p>肌肉需要足夠的訓練量來達到增肌的效果，但是過高的訓練量會讓身體來不急修復，所以我們在增肌過程中要做的就是找到“適中”的訓練量，然後慢慢增加到最高訓練量限制，才不會一下就過度訓練。&nbsp;</p><p>首先要先了解兩個詞，叫做最大修復訓練組數，跟最小維持訓練組數。（大多以8-12下一組來講） 最低維持訓練組數對於訓練者來講大約是在10組左右（新手更低，老手更高），高於維持訓練組數，就有機會增肌。&nbsp;</p><p>比較重要的是：最大修復訓練組數限制大約是在20組左右（新手更低，老手更高）。</p><p>超過修復訓練組數限制，肌肉不容易長出來甚至容易過度訓練。&nbsp;</p><p>限制組數其實在研究上還沒有很確實的一個數字，因為大部分都是拿訓練中手（練了1~2年）來做研究。</p><p>但我們知道的有以下幾點 訓練中手的限制大約就是在20組左右。訓練老手練超過20組是有可能有幫助的。&nbsp;</p><p>越大的肌群通常修復會越久，但是可以承受的訓練量也越高。</p><p>所以腿部也許可以練到23~25組也能承受得了，二三頭肌可能練個17~18組就差不多 修復組數限制會被生活狀況影響。</p><p>像是飲食、睡眠、飲酒、壓力之類的。&nbsp;</p><p>過度訓練之研究怎麼說？ 連結：https://goo.gl/NzUkoT&nbsp;</p><p>以上研究把健身中手（練了1~2年）分成兩組，高訓練量組與中訓練量組。每個部位大約是2個主要動作，2個輔助動作。&nbsp;</p><p>主要動作的話高訓練量都是10組10下，中訓練量是5組10下。次要動作，兩組都做8組10下。</p><p>等於是高訓練量組每個部位一星期練28組，中訓練量組每個星期練18組。&nbsp;</p><p>作者本來是預測高訓練量的會進步比較多，但是照結論來看，肌肥大效果兩組是差不多的。&nbsp;</p><p>更神奇的是中訓練量的人他們力量成長較多，身體組成進步稍多（軀幹非脂肪組織、手臂肌肉量）。&nbsp;</p><p>會造成這個結果的主要原因是因為太多的組數會讓身體來不急修復，也無法進步。&nbsp;</p><p>這研究告訴我們的是： 每個不同階段的訓練者，做的組數應該要不同。 使用適合自己的訓練量，可以增加更多肌肉與力量。&nbsp;</p><p>不是舉越多越好。應該要依自己的能力去安排。 過度訓練之Peeta的建議 -以力量成長當作訓練量的指</p><p><span style=\"background-color:hsl(0,75%,60%);color:hsl(0,0%,100%);\">文章出處來自:&nbsp;https://www.peeta.tw/workout/avoid-overtraining/</span></p>', 2, 1, '1.jpg', 1242, 1),
(9, '米血', '健身新手該怎麼開始訓練？', '2021-08-20 22:25:26', '<p>第一，剛接觸健身的新手該怎麼做？&nbsp;</p><p>在身為健身新手的你演化成健人之前，你對於健身什麼都不懂，進健身房就是去做二頭彎舉跟動作不標準的胸推吧？&nbsp;</p><p>此時的你有幾個重點要注意：&nbsp;</p><p>1. 投入最重要的六個主要動作 深蹲 硬舉 臥推 划船 肩推 下拉 這六個動作是不好學的，但是基本上只要這六個動作，就可以讓你身材演化的很順利，而且他們成長數值天花板很高 所以你不管在哪個階段都用得到他們，在練的同時你也可以觀察是否有肌肉不平衡的地方，剛好可以帶到我們第二個主線任務&nbsp;</p><p>2. 找到肌肉不平衡的地方並且修正它 比如說你有圓肩、骨盆前傾、駝背之類的，就是要去放鬆過緊繃的肌群，然後去強化過度被拉長或是無力的肌群，同時找正常的關節活動度 如果你不在這個階段修正好的話，下個階段開始加訓練強度的時候，你的關節就會很容易爆掉。&nbsp;</p><p>3. 強化核心 大部分的人核心都挺弱的，把強化核心這個輔助技能點起來的話 對身為健身新手的你的主要六大動作以及之後的訓練都會有幫助</p><p><span style=\"background-color:hsl(0,75%,60%);color:hsl(0,0%,100%);\">文章出處來自:&nbsp;https://www.peeta.tw/workout/workout-beginner/</span></p>', 2, 2, '3.jpg', 435, 1),
(10, '米血', '訓練到力竭對肌肥大的優缺點', '2021-08-20 22:37:33', '<p>練到力竭真的是好的嗎？</p><p>&nbsp;人的肌肉纖維主要分成兩種，慢縮肌（Type1）、與快縮肌(Type2)。</p><p>快縮肌又可以細分成Type2a、Type2x(還有很多)。&nbsp;</p><p>我們練肌肥大的目標就是把每種不同的肌肉都練好練滿，這樣效率才是最好的。&nbsp;</p><p>每種不同方式的訓練，刺激到的神經傳導以及肌肉運動單位的徵召都是不一樣的。&nbsp;</p><p>負重提升得越多，徵召到的快縮肌就會越多，所以通常在練大重量（1rm 80%以上的重量）的時候的刺激對於肌肉成長就很夠了 但是輕重量的訓練，我們就會先徵召到慢縮肌，直到快要到力竭的時候才會真的刺激到快縮肌。</p><p>所以有句話說“最後幾下才是最重要的”其實是有根據的。&nbsp;</p><p>可是練到力竭有蠻多不好的副作用 過多的力竭訓練會壓抑生長激素，提升壓力荷爾蒙（增脂減肌） 越多肌群參與的多關節動作（深蹲、臥推）練到力竭對身體造成的負擔很大。</p><p>之後72小時的力量都會被影響，同時在至少96小時內，能承受的訓練量會減少許多。&nbsp;</p><p>容易導致神經過度疲乏 練到力竭容易受傷、容易動作跑掉 關於力竭的建議 小肌群、單關節運動的輕重量訓練（二頭彎舉、三頭下拉）安排個力竭訓練是很棒的，但不要過多。&nbsp;</p><p>如果你一星期一個部位只練一次，那其實練到力竭沒什麼差，因為你有很多時間可以給你修復。</p><p>但我非常不建議你一星期每個部位只練一次（請去看別的文章）。&nbsp;</p><p>大重量多關節訓練就不要太常練到力竭。 真的要練到力竭，也不要第一組或是一開始訓練就練到沒力。&nbsp;</p><p>一些超級巨巨的訓練影片都很常看到他們練到力竭，像是阿諾就說過類似“練的好的人跟練不好的人就差在最後幾下有沒有撐過去”。&nbsp;</p><p>所以我曾經也很喜歡每個動作、每組都練到力竭才爽，但效果實在不好。</p><p>最後發現那些巨巨可以承受這麼多力竭組是因為他們基因好加上用了藥，所以修復上、荷爾蒙分泌上是與我完全不同的。</p><p><span style=\"background-color:hsl(0,75%,60%);color:hsl(0,0%,100%);\">文章出處來自：https://www.peeta.tw/workout/hypertrophy-traintofailure/</span></p>', 2, 4, '1.jpg', 256, 1),
(11, '米血', '練不壯吃不胖？瘦子難增肌？看這篇就對了！', '2021-08-20 22:26:02', '<p>瘦子想增肌，訓練應該要做的事&nbsp;</p><p>1.挑多關節動作來訓練&nbsp;</p><p>2.慢慢增加訓練量，不要衝太快&nbsp;</p><p>3.觀察自己的疲憊狀況，避免過度訓練&nbsp;</p><p>4.多多嘗試不同的訓練方式 若你之前都做5~10下的大重量訓練，可是肌肉成長的不是很順利 那可以試試看變成10~15下較輕的重量來鍛鍊，然後看看訓練效果有沒有這麼好 若你之前都用高次數的訓練方式在鍛鍊，可是肌肉成長的不是很順利 那我會建議你可以改成5~10下的強度來鍛鍊&nbsp;</p><p>換個課表跑個三～四個月，試試看用相同的課表，不要跑到一半就換一個課表 因為像剛剛說過的，你們會比較需要更多的時間來適應新的訓練 練不壯與飲食 接下來是飲食的部分，第一個要講的是發炎反應 以前的文章有說過，有人天生吃某些容易不耐的食物、或是腸胃不好，身體會比較容易處在慢性發炎的狀況 然後會影響到肌肉成長的效果 也有人在問發炎跟肌肉成長到底有什麼關聯 其實之前就很多研究統整出發炎指數高的人肌肉量會偏低 那大家還可以看到這個研究&nbsp;</p><p>研究來源：https://www.sciencedaily.com/releases/2018/01/180111090702.htm&nbsp;</p><p>練不壯的人在飲食部分應該要怎麼做 我會建議你們還是以80%原形食物為主 碳水化合物可以挑地瓜、芋頭等根莖類的東西 蛋白質就是多吃肉、吃不夠或是沒錢買肉可以喝乳清 有乳糖不耐的可以喝分離蛋白粉，脂肪不用低 我很不喜歡看到別人要增肌還吃水煮餐，因為缺少好的脂肪通常會讓荷爾蒙分泌不完整 脂肪的部分可以多用好的橄欖油 然後多吃些抗發炎的食物像是橄欖油、深綠色葉類蔬菜、豐富Omega-3脂肪酸的魚類、酪梨還有藍莓、蔓越梅之類的果子 最後還是要追朔到有沒有吃足夠的食物來達到足夠的熱量增肌 我會建議你先吃三餐正常的食物 如果體重真的都上不去肌肉量也沒增加，就增加餐與餐之間的食物份量變成少量多餐 如果還是上不去就在慢慢增加變成多量多餐 假如妳真心覺得吃很多、熱量算出來也真的很多但肌肉量還是沒有進展 那有可能是訓練以及恢復方面沒有做得很好 簡單來講，有些人可能真的天生吃不胖難增肌 但我相信如果把吃睡練都顧好，還是可以把增肌效果發揮到最大化 最後就希望這篇文章對大家有幫助 那我們就煆雌仔間 寫些打家，大家百掰</p><p><span style=\"background-color:hsl(0,75%,60%);color:hsl(0,0%,100%);\">文章出處來自:&nbsp;https://www.peeta.tw/workout/way-for-hard-gainer/</span></p>', 2, 5, '2.jpg', 256, 1),
(12, '米血', 'Tabata是甚麼？', '2021-08-20 22:27:52', '<p>運動可以分為有氧運動和重量訓練兩種。</p><p>而間歇運動結合了有氧運動和重量訓練，在運動過程中不斷變換運動強度，模式可以大概分為「動、停、動、停」、「高強度、低強度、高強度、低強度」和「快、慢、快、慢」等。&nbsp;</p><p>這種訓練方式採用短時間的訓練加上短時間的休息，在重複循環這個流程中，讓心跳率能快速提升到燃脂區間，達致短時間內消耗熱量，做到減重和減脂的效果。&nbsp;</p><p>Tabata 其實是間歇運動的一種，由日本東京體訓大學的田畑泉（Izumi Tabata）教授研究發現。</p><p>運動名字因此沿用著教授的姓氏。Tabata 運動公式是「運動20秒，休息10秒，如此做8個循環，一共4分鐘」。&nbsp;</p><p>運動時會盡量使用最多的肌肉群，讓攝氧量達到個人最大攝氧量，令燃脂，鍛鍊肌肉和提升心肺耐力的效果最大化。</p><p>事實上，4分鐘的Tabata訓練效果跟60分鐘的中等強度訓練非常接近，這也是Tabata訓練瞬間爆紅的原因。&nbsp;</p><p>優缺點: 好處: 只需4分鐘 有效減脂 有助於提升有氧系統（心肺功能）和無氧系統（肌肉） 促進新層代謝和心率 增強毅力 壞處: 不一定適合所有人 如果操作不當，容易受傷</p><p><span style=\"background-color:hsl(0,75%,60%);color:hsl(0,0%,100%);\">文章出處來自：https://fitnesstwenty.com/tabata/</span></p>', 3, 6, '3.jpg', 124, 1),
(13, '米血', 'TABATA不適合什麼人？', '2021-08-20 22:27:43', '<p>1. 沒有基礎的運動新手 建議這些人先培養運動習慣，然後才從簡單的TABATA開始訓練。&nbsp;</p><p>2. 有心血管或高血壓症狀或有這些病史的人，建議你先詢問醫師 TABATA高強度訓練會使我們的血壓升高，所以有心血管或高血壓症狀或有這些病史的人，建議你先詢問醫師才開始。&nbsp;</p><p>3. 體重過重的人 由於體重過重在TABATA間歇訓練時，關節的承受壓力會比較大，如開合跳等動作，建議你先開始快步走，游泳和騎行開始，這些的關節壓力比較小。</p><p>4. 無法評估自身體況的人 當你訓練時，必須時時刻刻地注意自己是否能承受得住高強度訓練，如果身體感受不舒服且有疼痛的出現，請立刻停止。</p><p><span style=\"background-color:hsl(0,75%,60%);color:hsl(0,0%,100%);\">文章出處來自：https://fitnesstwenty.com/tabata/</span></p>', 3, 2, '1.jpg', 366, 1),
(14, '米血', 'Tabata和HIIT分別是甚麼？', '2021-08-20 22:29:03', '<p>很多人誤會Tabata 和HIIT 是同一種運動，雖然兩者都是間歇運動，但就有著明顯的分別。&nbsp;</p><p>Tabata 採用的是運動20秒，休息10秒的循環訓練模式，共4分鐘的訓練。</p><p>HIIT高強度間歇訓練的模式則是高強度運動1分鐘，低強度運動3分鐘或休息3分鐘，循環訓練共20分鐘。&nbsp;</p><p>兩者共同的優點是只需短時間，就可以達到普通運動一小時的效果。</p><p>對於那些因為上班而忙得不可開交，但又想減肥鍛鍊身體的人來說，這兩種間歇運動就非常吸引。</p><p>而且無需到健身中心，在家一樣可以完成鍛鍊。&nbsp;</p><p>但Tabata 的缺點是，雖然每個循環運動只需20秒，但這20秒內需要拼盡全力，否則效果未必能達到預期。</p><p>而HIIT 的缺點則是運動強度屬高強度，如果沒有運動基礎，身體可能一時間承受不來。&nbsp;</p><p>另外，要注意的是，有心血管或高血壓病史的人士，要先請教醫生尋求專業意見才可進行Tabata 或HIIT。</p><p>體重過重的人士亦要小心運動時，關節承受的壓力過大，如有需要，可以選擇其他重量訓練動作代替某些動作，減低受傷風險。</p><p><span style=\"background-color:hsl(0,75%,60%);color:hsl(0,0%,100%);\">文章出處來自：https://kknews.cc/health/bkk4vqo.html</span></p>', 3, 2, '2.jpg', 612, 1),
(15, '米血', 'Tabata初階、進階動作：', '2021-08-20 22:29:44', '<p>未有運動基礎的初階者可以先從每星期1－2次做起，待身體適應後再增加次數。</p><p>做Tabata 訓練前亦要花3-5分鐘進行熱身動作，另外在休息的10秒內，不要完全停下，可以做一些原地踏步的動作，減低心臟負擔。&nbsp;</p><p>只要持之以恆地進行Tabata，並配合健康飲食，3個月瘦下來絕對不是問題。</p><p>現時不少健身中心都有提供Tabata 或HIIT 課程，如果你也想體驗一下這個爆汗運動，可以上Toby 一站或網站尋找Tabata！</p><p><br data-cke-filler=\"true\"></p><p>Tabata初階動作：&nbsp;</p><p>掌上壓：用最快的速度在20秒內完成，大概8-15下，才算達到高強度訓練的標準。&nbsp;</p><p>開合跳：是有氧運動最基本的動作，每次跳起來都記得拍到雙手。&nbsp;</p><p>手碰膝蓋：雙手與肩成水平，輪流將腳抬起，讓膝蓋碰到手掌。&nbsp;</p><p>原地高抬腿跑步：高抬腿跑步動作不難，對於消耗熱量卻非常有效，這個動作也可以有效減少大腿的脂肪。&nbsp;</p><p><br data-cke-filler=\"true\"></p><p>Tabata進階動作：&nbsp;</p><p>深蹲跳：可以更進一步強化腿部肌肉，同時大量消耗熱量。&nbsp;</p><p>波比跳：是肌肉訓練的動作大魔王，先原地深蹲跳一下，再往下蹲做一下掌上壓，然後再跳起來做一個開合跳的動作。一次結合三種動作，可鍛練全身肌肉。&nbsp;</p><p>進階登山式：做出掌上壓的準備動作，然後輪流彎曲雙腳，直到膝蓋碰到手肘，動作要像跑步一樣快。&nbsp;</p><p>跳躍式弓箭步：搭配跳躍，雙腳輪流做出弓箭步的動作，跟深蹲跳一樣，對於腿部肌肉訓練非常有效。&nbsp;</p><p><span style=\"background-color:hsl(0,75%,60%);color:hsl(0,0%,100%);\">文章出處來自：https://www.elle.com/tw/beauty/health/g33518009/tabata-fitness-tips/</span></p>', 3, 5, '1.jpg', 1245, 1),
(16, '米血', '關於Tabata的常見問題', '2021-08-20 22:30:15', '<p>Q：Tabata 適合和不適合甚麼人呢？&nbsp;</p><p>A：Tabata 本身是為運動員設計，後來才逐漸普及，所以Tabata 適合有運動基礎人士訓練，若完全沒有運動基礎，應先建立運動習慣和做肌力訓練，然後才開始做Tabata 。另外，有心臟病、高血壓或體重過重人士不適宜接受Tabata 。&nbsp;</p><p>Q：是否每天都需要做Tabata 呢？&nbsp;</p><p>A：按身體情況而定。由於Tabata 屬高強度運動，所以剛開始做Tabata ，每星期可先做1至2次，待身體慢慢適應後，可逐漸增加Tabata 次數。如練習Tabata 後感到不適，應減少練習次數和多加休息。&nbsp;</p><p>Q：甚麼時間適合做Tabata 呢？&nbsp;</p><p>A：用餐前或後1小時最適宜做Tabata ，切忌睡覺前或空腹訓練，以免出現暈眩，或令自己太亢奮難以入睡。&nbsp;</p><p>Q：練Tabata 前後該吃甚麼食物呢？&nbsp;</p><p>A：單純做Tabata 不代表能成功減肥喔！必須配合均衡飲食才事半功倍，例如進食高蛋白、低鹽份、高纖維的食物，就能達到增肌減磅的功效。</p><p><span style=\"background-color:hsl(0,75%,60%);color:hsl(0,0%,100%);\">文章出處來自：https://www.hellotoby.com/zh-hk/article/service/tabata-%E8%B6%85%E7%87%83%E8%84%82%E9%81%8B%E5%8B%95</span></p>', 3, 0, '3.jpg', 0, 1),
(17, 'yo~', '《分子廚藝》：科學解釋為什麼牛肉烤過後靜置，會更柔軟美味', '2021-08-20 22:30:41', '<p>現代人做菜都很趕，而這樣的急躁使他們無法吃到好的烤牛肉（譯注：法式烤牛肉為烤牛肉塊）。</p><p>他們常忽略一個不可或缺的步驟，那就是烤完肉之後，要把烤箱門打開，讓肉在爐口靜置一段時間。少了這一步，烤肉會變得又硬又乾。真正的專家知道這個步驟是讓烤肉柔軟的關鍵，不過他們的解釋是：在烤的時候，肉汁為了「逃避爐火」，會往肉中心集中。烤完的靜置，可以保證讓肉汁有時間重新分布。這是真的嗎？ 讓我們用科學家冷靜的眼光來分析一下烤肉。科學家都知道肉是由肌細胞，也就是肌纖維所組成。細胞被細胞膜像個小袋子一樣圍起來，裡面大部分是水，以及維持細胞功能跟代謝所必需的分子。許多細胞被膠原蛋白圍成一小束肌絲，然後許多小束再被圍住成為更粗的一束肌絲。當然這只是非常簡單的描述，事實上動物的肌肉還含有脂肪、血液……等。&nbsp;</p><p>這樣的結構，在被加熱的時候會變成如何呢？熱是透過傳導，從外面傳到烤肉裡面。</p><p>烤箱的溫度約為攝氏兩百度，因此烤肉從外層一直到裡面溫度降到一百度的地方，水分都會開始蒸發，而這被烤得乾硬的一層其實很薄。在烤肉裡面，隨著溫度慢慢上升，肉也慢慢變化，因為不同的蛋白質遇熱凝結的溫度都不一樣。比如，在肌肉中負責運送氧氣的肌紅蛋白，從攝氏七十度開始氧化，它攜帶的鐵離子從亞鐵變成三價鐵，因此肉也變成粉紅色。到了攝氏八十度，細胞膜開始破裂，使得肌紅蛋白跟其他的氧化物接觸，因此又轉變成棕色。&nbsp;</p><p>那麼血液會往烤肉中心集中嗎？從溫度達到攝氏五十度後，肉周邊的膠原蛋白就開始收縮，把肉汁往內跟往外推擠。烤肉中心因為已經充滿各種固體和液體，很難再被壓縮，無法容納更多液體，因此液體大多會被排出。不相信的人只需去烤幾塊牛肉，測量一下烤前烤後的密度（重量跟體積的比例）改變就知道了。</p><p>烤肉體積的測量，可以把肉放進裝滿水的盆子裡，然後量一下溢出盆子的水體積即可。 正確的建議，錯誤的理論 這些測量揭露了一些事情。首先我們注意到，用傳統方法烤過的肉，體積縮小了，重量也減少了約六分之一。這些都是由於膠原蛋白遇熱收縮把汁液擠出，以及周邊水分蒸發所造成的。</p><p>同時，這些觀察也指出了傳統炙燒理論的錯誤；這些理論認為，烤肉表面蛋白質凝結可以把肉汁封在裡面。比如十九世紀蓋布瑞夫人所寫的一本食譜《模範廚師》就曾指出：把肉叉住放在大火上烤，可以封住肉上的小孔，同時也保存了肉汁。</p><p><span style=\"background-color:hsl(0,75%,60%);color:hsl(0,0%,100%);\">文章出處來自：https://www.thenewslens.com/article/121851</span></p>', 4, 0, '3.jpg', 0, 1),
(18, 'yo~', '《BBC美食頻道》的蛋炒飯教學，算是「文化挪用」嗎？', '2021-08-20 22:31:05', '<p>英國廣播公司旗下的《BBC美食頻道》（BBC Food），當中有個教人們簡單製作料理的〈簡化食譜〉（Make it easy recipes）單元，印度裔主持人赫莎・帕爾特（Hersha Patel）於2019年3月拍攝了1部「蛋炒飯」的美食教學影片，內容與東亞常見的中式炒飯烹飪方式不同，像是沒有洗米、水量太多，還有使用濾網將米飯沖水瀝乾。&nbsp;</p><p>馬來西亞網紅「羅傑叔叔」（Uncle Roger）拍攝了影片嘲諷，引發了廣大的迴響。</p><p>其中一個便是臉書粉專「炎上事件簿」嚴厲撻伐《BBC美食頻道》此舉為「文化挪用」（culture appropriation），該粉專表示「如果是這樣，那就不要叫他中式炒飯啊！這才叫文化挪用吧？都不知道那些最愛嗆人的白左去哪裡了。」 先不要說，這種什麼都要左派、社會正義或進步價值的支持者負責的論點有點詭異，而且這樣的「文化挪用」指控，筆者認為，顯然有些不合理之處。&nbsp;</p><p>「正統料理」和「改良簡化的食譜」 首先，《BBC美食頻道》並沒有宣稱此為「正統的中式炒飯」，帕爾特使用的確實是影片中稻米包裝上的烹飪方式，也有人翻出日本漫畫《美味大挑戰》第49集〈泰國米的滋味〉，當中道地的泰國米烹飪方式更為接近帕爾特在節目中的烹飪方式，反而該漫畫還指出電子鍋的發明破壞了東南亞的米食文化。</p><p><span style=\"background-color:hsl(0,75%,60%);color:hsl(0,0%,100%);\">文章出處來自：https://www.thenewslens.com/article/138608</span></p>', 4, 0, '1.jpg', 0, 1),
(19, 'yo~', '煎牛排和烤麵包好吃的化學秘密：焦糖化和梅納反應', '2021-08-20 22:31:29', '<p>梅納反應：&nbsp;</p><p>梅納反應 (Maillard reaction)，又稱麥拉德反應、梅拉德反應。</p><p>在烹飪過程中食物的 還原糖(葡萄糖、果糖C6H12O6、麥芽糖、乳糖C12H22O11等) 與 蛋白質 或 胺基酸 發生了一系列複雜的反應，最後讓食物變為褐色，同時也形成新的香氣和風味。&nbsp;</p><p>梅納反應幾乎發生在我們烹調的每一種食物中，然而，形成的香氣和香味因食物而異，根據烹飪方式，不同的糖和蛋白質會產生不同的香氣和味道。</p><p>例如煎雞肉、魚肉的的焦香味、烤麵包的酥脆味、炒洋蔥的甜味、烘焙咖啡的咖啡味等。&nbsp;</p><p>焦糖化：&nbsp;</p><p>食材中的「糖」受熱後分子瓦解的過程，顏色也會逐漸轉變為金黃、淺褐、深褐色。焦糖化單靠「糖」和「水」就能完成。</p><p>料理過程中焦糖化反應的有焦糖布蕾、烤棉花糖、糖葫蘆等，對於滷味來說更是重要的推手！ 滷味通常會使用醬油進行上色及提味，但只加入醬油料理的味道比較死板，因此除了加醬油外，也都會加少量的砂糖增加風味。</p><p>而熱炒過後產生的焦糖化反應也讓食物看上去更加的光潤漂亮。&nbsp;</p><p>一般來說，梅納反應的最佳反應溫度是140-165℃，而焦糖化反應發生在170℃的條件下，也時常跟著梅納反應發生。</p><p>而烹飪的過程中，火侯的掌控是非常重要的一環，若是溫度過高，就是大家所熟知的燒焦狀態，過度的炭化與烹煮，嚐起來就變為令人不愛的苦味了。</p><p><span style=\"background-color:hsl(0,75%,60%);color:hsl(0,0%,100%);\">文章出處來自：https://www.cool3c.com/article/142377</span></p>', 4, 0, '2.jpg', 0, 1),
(20, 'yo~', '一個新聞學教授對食物轉化的追尋', '2021-08-20 22:31:52', '<p>走訪世界各地廚房探索烹飪的意義：</p><p>從烤肉出發 但是，與其坐在書房和一堆書籍文獻打交道，身為柏克萊加州大學新聞學教授的麥可．波倫，寧可四處奔走，走訪美國各世界各地各式各樣的廚房，實際體會烹飪在現代社會帶給人們的意義。&nbsp;</p><p>這趟飲食溯源之旅從人類最古老的烹飪形式—— 烤肉出發，他到美國南方去體驗正宗的燒烤。</p><p>英雄所見略同，號稱老饕經濟學家的泰勒．柯文（Tyler Cowen）在他的《中午吃什麼？一個經濟學家的無星級開味指南》（An Economist Gets Lunch: New Rules for Everyday Foodies），也特別詳細地介紹了美國南方的燒烤BBQ，也就是傳說中真正的BBQ（請參見〈經濟學家中午吃什麼？〉）。&nbsp;</p><p>那樣的道地BBQ，並不是像中秋烤肉時把肉片在炭火上隨便讓它們裝熟而已。</p><p>到燒烤店廚房當學徒的麥可．波倫，更鉅細靡遺地描述了火，這個傳說中普羅米修斯（希臘神話中偷火給人類的神，Prometheus，Προμηθεύς）從天神那偷給人類的聖物，在一隻豬身上所進行的轉化。&nbsp;</p><p>可是，麥可．波倫也好，<span style=\"background-color:hsl(60,75%,60%);\">泰勒</span>．柯文也好，今天在BBQ燒烤店吃到的豬，和過去黑奴燒烤的豬都大為不同了，集中飼養加上品種改良，滋味已大不如前了。&nbsp;</p><p>除了火之外，探尋水、風、土轉化食物的旅程 燒烤，可能是最原始的食轉化，接著他用火以外的四大元素的另外三個，水、風、土，來進行他的旅程。</p><p>他和他的學生學習做出穿一鍋鍋燉菜，體會食物在水之中轉化之旅；</p><p>他走訪麵包師父學習烘焙麵包，學會自己養出麵種，烘培發酵篷鬆的麵包，麵團經過發酵烘焙能產生各種帶勁、鬆軟、輕盈的口感，利用了風的元素。&nbsp;</p><p>麵包在西方文明中扮演著非常重要的角色，很長的一大段時期，歐洲許多農民和工人辛勤地耕作或工作，無非就只是希望能天天吃上剛出爐、香噴噴的麵包而已；</p><p>他學習製作白麵包後又嘗試學習製造全麥麵包，為此他也到訪了製粉工廠，目睹為延長麵粉保存期限，篩去含多種營養成分的小麥胚芽及麩皮，使麵粉除熱量外別無其他營養價值，一切只是口感考量。&nbsp;</p><p>最後，在土的元素，他回到與自然共生的乳酪坊及醃菜缸中。歐洲之所以有形形色色的乳酪，正是因為裡面長了不同的細菌和真菌！</p><p>他造訪了一位有微生物學博士學位的修女，她違抗了美國愚蠢的官僚，利用未消毒的器具把未消毒的牛奶製成乳酪。他也學習製成醃菜，甚至遠至韓國學做韓國泡菜。&nbsp;</p><p><span style=\"background-color:hsl(0,75%,60%);color:hsl(0,0%,100%);\">文章出處來自：https://www.thenewslens.com/article/10655</span></p>', 4, 0, '1.jpg', 0, 1),
(21, 'yo~', '了解胰島素與如何改善胰島素阻抗', '2021-08-20 22:32:26', '<p>胰島素的功能與介紹&nbsp;</p><p>胰島素是由我們胰臟的蘭氏小島 islets of langerhans 的 B cells 分泌的&nbsp;</p><p>當我們吃了一頓飯之後胰島素就會分泌出來，並且協助葡萄糖從血液中進入到身體細胞中&nbsp;</p><p>這也是胰島素最主要的功能之一 如果任何原因造成我們失去這個作用的話 高血糖會容易對我們眼睛、血管、神經、免疫系統等等造成傷害，所以胰島素是非常重要的&nbsp;</p><p>胰島素第二個主要的功能是幫助合成，所以有些人會稱胰島素是<span style=\"background-color:hsl(60,75%,60%);\">合成荷爾蒙</span> 它能幫助你合成肌肉跟合成脂肪 那麼合成脂肪這一點是一定有的，因為胰島素就是協助養分運輸進肌肉或脂肪，再把它儲存起來 但是其實合成肌肉這一點是近年來很受爭議的 越來越多研究發現胰島素並不會有太多肌肉合成的幫助</p><p>&nbsp;胰島素阻抗跟肥胖的關聯 看到這邊大家應該了解為什麼胰島素跟肥胖有很大的關聯 因為它不只會<span style=\"background-color:hsl(60,75%,60%);\">幫助脂肪合成</span>並且<span style=\"background-color:hsl(60,75%,60%);\">阻止我們脂肪的分解 </span>所以代謝症候群像是肥胖、三高、糖尿病都跟胰島素阻抗有相當大的關係&nbsp;</p><p>而且胰島素阻抗還會間接影響到生長激素分泌 生長激素低的話則會增肌效果會被影響到，脂肪也會比較容易堆積在腹部的地區&nbsp;</p><p>舉例來說： 假設兩個人狀況完全一樣，除了胰島素分泌的差別 他們兩個用相同的方式下去減脂，有胰島素阻抗的人會比正常的人減掉更多的肌肉而不是脂肪&nbsp;</p><p>造成的原因其實很多，包括：&nbsp;</p><p>長期的高胰島素分泌 久坐 慢性壓力 過度肥胖，尤其是過多脂肪儲存在肝臟 長期慢性發炎 當胰島素敏感度下降時，我們為了要讓血糖下降到正常會導致身體需要分泌更多胰島素 久了也許就變成高胰島素血症 你不解決的話，就等於是會比別人有更多機會合成脂肪、減脂也會比別人更難 所以若你已經知道你有血糖或是胰島素方面的問題&nbsp;</p><p>我就建議你一定要把它當作首要目標來改善 如何利用飲食解決胰島素阻抗 要解決胰島素阻抗就要先了解什麼東西會讓胰島素分泌增加以及減少 包括血糖、揮發性脂肪酸、神經系統、以及腸胃道荷爾蒙也都會影響到 會增加胰島素分泌的包括： 用餐過後的血糖 游離脂肪酸 胺基酸提升 腸胃荷爾蒙包括胃泌素 膽囊收縮素 胰泌素 其他荷爾蒙包括生長激素、還有壓力荷爾蒙、副交感神經被刺激 以及原本就有胰島素阻抗、肥胖的問題就容易造成胰島素阻抗的問題 以上</p><p><span style=\"background-color:hsl(0,75%,60%);color:hsl(0,0%,100%);\">文章出處來自：https://www.peeta.tw/nutrition/insulin/</span></p>', 4, 0, '3.jpg', 0, 1),
(22, '1', '平板式、波比跳、超狂腹部核心運動5大招虐出緊實馬甲線', '2021-08-20 22:32:56', '<p>曾經有日本網友，靠著波比跳在3個月內成功瘦下11kg，波比跳，可以訓練上肢肌力、下肢爆發力、軀幹核心穩定力量，還能結合心肺訓練，可說是一個可以練到全身肌群的動作，建議每次做20-30下為一組、每組中間休息20秒，共做4組。&nbsp;</p><p><span style=\"background-color:hsl(0,0%,100%);color:hsl(0,0%,0%);\"><strong>1：波比跳&nbsp;</strong></span></p><p>1. 雙腳站與肩同寬。髖關節彎曲並保持脊椎挺直，彎膝蓋盡量深蹲。&nbsp;</p><p>2. 蹲下後雙手撐在地面，與肩同寬。&nbsp;</p><p>3. 高平板式姿勢，並收緊核心，完成一個伏地挺身的動作。&nbsp;</p><p>4. 雙腳跳回深蹲時姿勢。&nbsp;</p><p>5. 收小腹，運用大腿肌肉使身體向上跳起來，並回到站姿著地。&nbsp;</p><p><span style=\"background-color:hsl(0,0%,100%);color:hsl(0,0%,0%);\"><strong>2：平板支撐棒式&nbsp;</strong></span></p><p>平板支撐這個自身重量訓練動作不只強化核心，特別是腹橫肌，同時也是一個全身肌肉鍛練的動作。 平板支撐維持時間越長，難度就越高，是許多女生喜歡做的運動，或是加入變化加難度，可以練得更緊實。 將手肘與手掌保持垂直角度，撐地並垂直於肩膀，雙腳緊貼、臂部和腹部收緊，腳趾要踩著地上，身體應保持像一塊平板一樣，按能力維持動作30秒-3分鐘，期間要保持呼吸。&nbsp;</p><p><span style=\"background-color:hsl(0,0%,100%);color:hsl(0,0%,0%);\"><strong>3：10分鐘六格腹肌訓練&nbsp;</strong></span></p><p>被封為德國第一健身女神的帕梅拉，有7百萬人追蹤她的IG、4百萬人訂閱她的Youtube頻道，她分享「健身沒有捷徑，只能靠長期堅持和付出。」許多健身的影片都大受到女生喜愛，其中腹肌訓練的影片是最受歡迎的其中之一，想練腹肌、瘦小腹的話絕對要跟著帕梅拉做做看！&nbsp;</p><p><span style=\"background-color:hsl(0,0%,100%);color:hsl(0,0%,0%);\"><strong>4：捲腹運動&nbsp;</strong></span></p><p>捲腹是最普遍的腹部運動的一種，主要鍛鍊腹直肌，平躺在地面後，微微捲起上半身，肩膀離地，集中訓練腹部的動作，捲腹還有有數個變化，包括平地捲腹，抬腿捲腹、低抬腿卷腹，加入腿的動作保持騰空，增加難度。</p><p>&nbsp;<span style=\"color:hsl(0,0%,0%);\"><strong>5：俄羅斯轉體運動</strong></span>&nbsp;</p><p>俄羅斯轉體難度不會太高，而且又能很好地訓練腹外斜肌的動作，幫助練到側腹位置，正確動作是坐在墊子上，雙腿併攏抬起，腹部收緊並呼氣讓身體向一側轉動，旋轉到最大限度，然後再向對側轉動，重複動作呼吸速率2~4秒，運動的過程中雙腿儘量保持穩定，不要隨著身體擺動。</p><p><span style=\"background-color:hsl(0,75%,60%);color:hsl(0,0%,100%);\">文章出處來自：https://www.elle.com/tw/beauty/health/g33814975/abs-training/</span></p>', 5, 0, '2.jpg', 0, 1),
(23, '姝璇', '帕梅拉10分鐘六格腹肌訓練', '2021-08-20 22:33:21', '<p>六格腹肌訓練完整動作 「10分鐘六格腹肌訓練」裡面一共連續做15個動作，每個動作30秒，一系列做完，腹部超有感，整個緊實的感覺都出現！&nbsp;</p><p>1. 仰臥起坐30秒&nbsp;</p><p>2. 抬腿仰臥起坐30秒&nbsp;</p><p>3. 轉腹空中腳踏車30秒&nbsp;</p><p>4. 上抬腿仰臥起坐30秒&nbsp;</p><p>5. 垂直抬腿30秒&nbsp;</p><p>6. 水平抬腿30秒&nbsp;</p><p>7. 交叉抬腿30秒&nbsp;</p><p>8. 上抬腿30秒&nbsp;</p><p>9. 登山式30秒＋平板式30秒重複兩次&nbsp;</p><p>10. 扭轉平板式30秒&nbsp;</p><p>11. 側抬腿30秒&nbsp;</p><p>12. 側平板式抬臀每一側30秒&nbsp;</p><p>13. 側平板式每一側30秒&nbsp;</p><p>14. 上下平板式30秒</p><p><span style=\"background-color:hsl(0,75%,60%);color:hsl(0,0%,100%);\">文章出處來自：https://www.elle.com/tw/beauty/health/g32468826/2020-pamela-reif-abs-work-out/</span></p>', 5, 0, '1.jpg', 0, 1),
(24, '姝璇', '核心有多重要 詳解十個必練的好處', '2021-08-20 22:33:52', '<p>好處之一：【穩定步態，走路順暢不跌倒】&nbsp;</p><p>走路或是跑步不光是靠著雙腿而已，要走的完美漂亮就必須靠著全身性的協調，每一次抬腿，核心就會扮演穩定身體的角色，讓身體不會歪七扭八。核心不夠強，走起路來就像行屍走肉一般，像個醉酒的人，隨時都會跌倒。&nbsp;</p><p>好處之二：【體態優雅，站有站相坐有坐相】&nbsp;</p><p>有些人，光是站著就透露一絲優雅，就算坐下也絲毫隱藏不住側漏的帥氣，沒錯，他們通常都有健康的核心肌群，搭配良好的本體感覺，無論在任何姿勢下都能調整自己的姿勢，不會彎腰駝背，直挺挺的站著看起來就是健康有自信。&nbsp;</p><p>好處之三：【避免交叉症候群，凸肚駝背遠離我】&nbsp;</p><p>既然提到姿勢，就不得不提一下交叉綜合症，所謂交叉綜合症大致上指的是：因長時間的姿勢不良，舉凡像是駝背、猿人肩、凸肚、翹臀，這會使得一部分肌肉緊縮而一部份肌肉無力，讓肌力出現不平衡，導致一連串的疑難雜症，產生腰酸背痛等等情形。因此調整站姿和訓練核心並不光只是影響外觀而已，而是能進一步避免慢性傷害的產生。 相關課程 : 上交叉症候群：解決方案原來這麼不簡單！ (線上課程）&nbsp;</p><p>好處之四：【減少下背痛，增加腰背耐久度】&nbsp;</p><p>而最常見的下背痛，則與核心強度有直接的關聯，一般人類的日常活動當中，都有深層的核心肌肉支撐著人體骨架，一整天的勞動，那怕只是做家事、久站、久坐，都需要核心的支持，如果核心太弱就容易疲憊，也容易累積疲勞。慢性的下背痛想當然爾隨之而來。&nbsp;</p><p>好處之五：【保護脊椎，防禦力UPUP】&nbsp;</p><p>當人體受到強大的外力碰撞，身體的肌肉和肌膜會反射性的收縮來穩定身體，吸收衝擊力道，一方面要保護肢體，另一方面也是要維持平衡。而核心肌群就相當於一道防線，負責穩定軀幹，避免脊椎過分的扭轉等等。&nbsp;</p><p>好處之六：【增加運動表現，各式運動一把罩】&nbsp;</p><p>訓練核心增加運動表現想必是眾所皆知的嘗試，除了體操、街舞、啦啦隊、跑酷這類仰賴核心肌群的運動之外，在任何運動當中，核心也扮演著力量的樞紐。像是拳擊、高爾夫、籃球、排球、馬拉松、羽球等等，任何一項運動都會需要核心肌群來穩定身體以及傳遞力量。&nbsp;</p><p>好處之七：【核心與呼吸的息息相關】&nbsp;</p><p>呼吸和運動基本上是密不可分的，因為呼吸會影響肌肉收縮，而輔助呼吸肌或核心肌群的強度也會影響到呼吸效率。核心肌群能夠改變胸廓高度也能改變腹內壓，這些元素都與呼吸息息相關</p><p><span style=\"background-color:hsl(0,75%,60%);color:hsl(0,0%,100%);\">文章出處來自：https://www.extaping.com/articles-amp-videos/knowledge-base/sports-training/article/314.html</span></p>', 5, 0, '2.jpg', 0, 1),
(25, '姝璇', '鍛鍊核心「縮肚子」就對了！一次15秒、每天練4招提升肌耐力', '2021-08-20 22:34:21', '<p>為了培養肌耐力，每天鍛鍊核心肌群是很重要的。</p><p>鍛鍊核心肌耐力的最佳方法，是進行10到15秒的收縮。在所有練習中，都要保持脊椎中立和核心支撐；</p><p>每天做這些運動，不僅能增加力量和耐力，還能提醒你用中立脊椎移動的正確方式。&nbsp;</p><p>練習1 橋式&nbsp;</p><p>橋式有幾項重要功能，它能喚醒臀肌，增強脊椎的穩定性，加強核心前側與後側肌肉的耐力和力量，這是正確深蹲的前身動作。&nbsp;</p><p>1. 平躺，手臂放在身體兩側，雙腿張開與髖部同寬。&nbsp;</p><p>2. 找到脊椎中立位置，用核心肌群支撐，將其固定。&nbsp;</p><p>3. 彎曲膝蓋，讓腳跟著地，但腳趾懸空。&nbsp;</p><p>4. 臀部夾緊，就像你試著用它們夾住一枚硬幣那樣。&nbsp;</p><p>5. 使用臀肌抬起臀部，但不要移動下背部。你不應該把脊椎往上捲，而是在保持脊椎中立的同時，將軀幹提起。</p><p>6. 停5到10秒。你會感覺到臀部兩側的肌肉運作。&nbsp;</p><p>7. 緩慢將背部放回起始位置。 8. 重複步驟2到7，做5到10次。&nbsp;</p><p>常見問題：如果你膕旁肌（大腿後側肌群）抽筋，在你把臀部抬離地面之前，輕輕把你的腳掌推向地面。如果膝蓋疼痛，在你把臀部抬離地面之前，輕輕把膝蓋向外壓。如果無法保持脊椎中立，先試著把臀部抬離地面3公分。&nbsp;</p><p>練習2 膕旁肌伸展&nbsp;</p><p>動態膕旁肌伸展有助於提高髖部靈活性，也有助於加強你在移動腿部的時候，仍能維持脊椎中立的能力。它也能建立核心肌群耐力。&nbsp;</p><p>1. 平躺，找到脊椎中立位置。&nbsp;</p><p>2. 用核心肌群支撐，固定中立脊椎。&nbsp;</p><p>3. 一隻腳膝蓋彎曲，腳底平放在地面上；另一隻腳伸直抬起，腳趾指向天花板。&nbsp;</p><p>4.小心抬起伸直的那條腿，確保下背部沒有平貼到地板上。可以將一隻手放在下背部檢查，感受是否有移動。盡量把腿抬高，但不要把背部平貼到地上。&nbsp;</p><p>5. 每條腿重複10到20次。盡量多做一些，直到膕旁肌獲得適度的伸展，鍛鍊到核心肌肉。&nbsp;</p><p>常見問題：最常見的錯誤就是抬腿時，背部平貼到地上。請不要為了提高運動的速度，而犧牲脊椎穩定度。把腿抬高到最高，但不要壓平背部或彎曲膝蓋，練習一陣子之後，膕旁肌的靈活性會逐漸增加。&nbsp;</p><p><span style=\"background-color:hsl(0,75%,60%);color:hsl(0,0%,100%);\">文章出處來自：https://health.tvbs.com.tw/regimen/324497</span></p>', 5, 0, '1.jpg', 0, 1),
(26, '姝璇', '核心訓練有練有差！4大好處不能不知', '2021-08-20 22:34:51', '<p>一、改善姿態，站著坐著都美觀 健康的核心肌群能夠有效調整姿勢，改善彎腰駝背的狀況，反之，虛弱的核心肌群會導致身體不平衡、骨盆前傾和小腹突出等種種問題，不論是調整站姿或坐姿，訓練核心並不光是影響外觀而已，還能進一步避免給內臟器官形成壓力，減少慢性傷害的產生。&nbsp;</p><p>二、保護脊椎，減少下背痠痛感 多數上班族需要久坐於辦公室，若核心肌群的訓練不足，容易造成駝背或骨盆傾斜，由於長期坐姿不良的關係，導致背部肌肉比核心肌群的力量還大，則容易造成下背痠痛，故鍛鍊核心肌群能夠使前後肌肉力量平衡，穩定身體中心力量改善下背不適。&nbsp;</p><p>三、緊實小腹，提升基礎代謝率 核心肌群是經常收縮的肌肉，無論任何動作都需靠核心肌群的力量來支撐，使用率高則所需能量相對也較高，因此多使用核心肌群會增加基礎代謝率。鍛鍊深層與淺層核心肌群更可以達到收縮小腹的顯瘦效果，幫助女性擁有纖瘦的腰圍，而男性在體脂肪夠低的情況下，就會出現線條分明又結實的腹直肌以及腹外斜肌，幫助訓練六塊腹肌。&nbsp;</p><p>四、增加呼吸效率，提升運動表現 任何動作都由核心出發將力量和訊息傳達到四肢，在進行需要較多爆發力的運動如舉重、硬舉時，都需要有強健的核心肌群才能夠穩定身體，而核心肌群的強度會改變胸廓高度，同時改變腹內壓，進而影響到呼吸效率，所以為了維持體內壓力的平衡，任何運動都強調配合呼吸的重要性，因此擁有強大的核心肌群能夠增加呼吸效率，提升運動表現。&nbsp;</p><p>核心肌群訓練原則：</p><p>功能性大於美觀 上班族長期坐著常有聳肩、腰痠、走路時骨盆歪斜等健康和姿態問題，其實都與核心肌群力量不足息息相關。</p><p>而開始著手鍛鍊的初學者往往會有許多錯誤的訓練迷思，導致訓練效果大大扣分，事實上核心訓練的目的是支持下背穩定的重要肌群，強調的是肌耐力，而非肌力本身。</p><p>因此考量生活需要及運動能力，鍛鍊核心肌群的目的更強調其功能性（例如是否能夠維持姿勢、穩定軀幹），多過於腹肌明顯與否的美觀要求。&nbsp;</p><p>棒式不是做越久越好，「強度」是關鍵 《男性健康（Men’s Health）》的雜誌專欄作家丹瓊（Dan John）曾說：「棒式最多兩分鐘。」棒式是鍛鍊核心肌群很重要的一個動作。</p><p>增加棒式支撐的時間，只是讓身體在同一個強度下重複運動，身體所獲得的效果有限，因此要想強化肌力，運動「強度」才是關鍵。</p><p><span style=\"background-color:hsl(0,75%,60%);color:hsl(0,0%,100%);\">文章出處來自：https://www.epicmethods.com.tw/%E6%A0%B8%E5%BF%83%E8%82%8C%E7%BE%A4/</span></p>', 5, 0, '3.jpg', 0, 1),
(61, '1', '地中海飲食法', '2021-08-20 22:35:39', '<p><span style=\"background-color:rgb(255,255,255);color:rgb(68,68,68);\">地中海飲食並不是專門用來減重的，剛開始研究人員發現地中海附近的希臘、義大利、西班牙、葡萄牙，似乎心血管疾病的患者比較少，因此開始推廣這地區的飲食方式。在地中海飲食法中，你可以盡量吃的選擇，包括了橄欖油、堅果、全穀類、水果、蔬菜、大量的豆類；還有，至少一周要吃兩次魚類。至於奶類、蛋類、或其他乳製品，沒有不能吃，適量即可。但要記得少吃紅肉，少吃精緻穀類、反式脂肪、或各種加工食品。</span></p><p>目前多數人肯定地中海飲食降低高血壓等慢性病的發生機會，甚至還能減少失智症，但這個飲食法本來並非是用來減重，而是靠著吃抗氧化的食物來增加身體健康，減少罹患心血管疾病的機會。因此，假使你要用地中海飲食法來做減重，需要控制整體熱量在一天約於1500卡附近。記得，要限制總量，就不是範圍內的盡量吃了！</p><p>根據2017年的研究，無論是傳統的地中海飲食，或是改良的低碳水版本，一年約能降低體重約5%-10%。根據2020年一篇英國的研究，用各種飲食法瘦下來後，採用地中海飲食法是最有機會維持減重效果的，幾乎是其他飲食法的兩倍機會。原因大概很明顯，因為遵循地中海飲食法還挺好吃的，也較為容易遵守。</p><p><span style=\"background-color:hsl(0,75%,60%);color:hsl(0,0%,100%);\">文章出處來自：https://www.careonline.com.tw/2021/05/diet-choice.html</span></p>', 5, 0, 'pexels-photo-434258.jpeg', 0, 1),
(62, '1', '間歇性斷食', '2021-08-20 22:35:49', '<p><span style=\"background-color:rgb(255,255,255);color:rgb(68,68,68);\">間歇性斷食是最近很火熱的話題。而大家可以把間歇性斷食想成一個斷食與進食間的循環，這循環可大可小。平時常常聽到的「168」屬於一天的小循環，16小時斷食，8小時可以進食，例如早上9點到下午5點是可進食時間，其他時間就都不吃東西。</span></p><p>當採取一星期來做為一個間歇性斷食的循環，就會是5：2的形式，代表在一星期之中，有五天採取正常進食，有不連續的兩天是極低熱量飲食，僅限攝取約於500卡的熱量。</p><p>因此，間歇性斷食的概念是靠著限制進食的時間，達到讓熱量攝取總量降低，而達到減重的目的。這個飲食法並沒有對食物選擇的特殊限制，假使，你在可以進食的時間，拚著吃一堆甜食、加工食品沒有營養的東西，或可以吃就大吃大喝，那結果就會失效。</p><p><span style=\"background-color:rgb(255,255,255);color:rgb(68,68,68);\">研究認為間歇性斷食可以降腰圍大約4%到7%左右，代表減掉不少內臟脂肪；而且間接性斷食法可能也會透過荷爾蒙改變加速代謝效率，降低身體發炎指數。不過這裡我們還是想再提醒一下，除了控制進食時間外，選擇原型食物也重要喔！</span></p><p><span style=\"background-color:hsl(0,75%,60%);color:hsl(0,0%,100%);\">文章出處來自：https://www.careonline.com.tw/2021/05/diet-choice.html</span></p>', 5, 0, 'pexels-photo-434258.jpeg', 0, 1),
(63, '1', '低碳飲食', '2021-08-20 22:35:56', '<p><span style=\"background-color:rgb(255,255,255);color:rgb(68,68,68);\">平時我們吃東西有三大營養來源，碳水化合物、脂肪、和蛋白質。過去長輩都教我們白飯要吃飽，就是多多利用碳水化合物來獲取能量。然而，低碳飲食代表著攝取較少的碳水化合物後，改以攝取蛋白質或脂肪成為能量的來源。而低碳飲食延伸出各種型態，程度也有不同，有的讓碳水化合物佔總熱量的30%，有的則更嚴格，只能佔10%。像其中最有名的就是攝取極低碳水的「生酮飲食」，碳水化合物僅占總熱量的5%到10%。</span></p><p><span style=\"background-color:rgb(255,255,255);color:rgb(68,68,68);\">一般低碳飲食時，可以同時高蛋白，讓蛋白質佔整體熱量的40%，碳水佔總熱量30%，脂肪佔30%。這樣的飲食方式適合在減重同時，仍想保持肌肉質量的人，達到增肌減脂的作用。但要注意蛋白質的來源選擇，高蛋白絕對不是靠天天吃牛排來減重喔。</span></p><p><span style=\"background-color:hsl(0,75%,60%);color:hsl(0,0%,100%);\">文章出處來自：https://www.careonline.com.tw/2021/05/diet-choice.html</span></p>', 5, 0, 'pexels-photo-434258.jpeg', 0, 1),
(64, '1', '生酮飲食', '2021-08-20 22:36:04', '<p><strong>生酮飲食</strong><span style=\"background-color:rgb(255,255,255);color:rgb(68,68,68);\">時，要靠著脂肪提供70%到75%的熱量，其餘20%為蛋白質，碳水僅佔5%到10%。由於飲食類型高脂、低碳水，而身體缺乏碳水的時候，會燃燒脂肪來獲取能量，藉此降下重量，改善血糖。</span></p><p><span style=\"background-color:rgb(255,255,255);color:rgb(68,68,68);\">就減重效果來說，短期嘗試生酮飲食可以減重，但長期來說減重效果沒有優於其他飲食控制方式。而實行生酮飲食時，幾乎需要避免所有含澱粉的主食類，且蔬菜與水果也會大幅受限，並不是種均衡飲食的作法，會讓人缺乏礦物質與維生素，比較容易引發腸胃道不適、頭痛、肌肉痠痛、便祕、疲累，通常並非一般人能堅持下去的長久之計。</span></p><p><span style=\"background-color:hsl(0,75%,60%);color:hsl(0,0%,100%);\">文章出處來自：https://www.careonline.com.tw/2021/05/diet-choice.html</span></p>', 5, 0, 'pexels-photo-434258.jpeg', 0, 1);

-- --------------------------------------------------------

--
-- 資料表結構 `brand`
--

CREATE TABLE `brand` (
  `id` int(5) UNSIGNED NOT NULL,
  `name` varchar(50) COLLATE utf8mb4_unicode_ci NOT NULL,
  `valid` tinyint(1) UNSIGNED NOT NULL DEFAULT 1
) ENGINE=InnoDB DEFAULT CHARSET=utf8mb4 COLLATE=utf8mb4_unicode_ci;

--
-- 傾印資料表的資料 `brand`
--

INSERT INTO `brand` (`id`, `name`, `valid`) VALUES
(1, 'MIZUNO 美津濃', 1),
(2, 'Molybeka 魔力貝卡', 1),
(3, 'adidas 愛迪達', 1),
(4, 'PUMA', 1),
(5, 'NIKE 耐吉', 1),
(6, 'CHANSON 強生', 1),
(7, 'Fun Sport', 1),
(8, 'Comefree', 1),
(9, 'ON 歐恩', 1),
(10, 'Spark Protein', 1),
(11, 'MYPROTEIN', 1),
(12, 'Vilson 米森', 1);

-- --------------------------------------------------------

--
-- 資料表結構 `category`
--

CREATE TABLE `category` (
  `id` int(6) UNSIGNED NOT NULL,
  `name` varchar(20) CHARACTER SET utf8mb4 COLLATE utf8mb4_unicode_ci NOT NULL,
  `valid` tinyint(1) UNSIGNED NOT NULL DEFAULT 1
) ENGINE=InnoDB DEFAULT CHARSET=utf8mb4;

--
-- 傾印資料表的資料 `category`
--

INSERT INTO `category` (`id`, `name`, `valid`) VALUES
(1, '有氧運動', 1),
(2, '重量訓練', 1),
(3, 'tabata', 1),
(4, '核心強化', 1),
(5, '健康料理', 1);

-- --------------------------------------------------------

--
-- 資料表結構 `category_tag`
--

CREATE TABLE `category_tag` (
  `id` int(6) UNSIGNED NOT NULL,
  `tag` text COLLATE utf8mb4_unicode_ci NOT NULL,
  `valid` tinyint(1) UNSIGNED NOT NULL DEFAULT 1
) ENGINE=InnoDB DEFAULT CHARSET=utf8mb4 COLLATE=utf8mb4_unicode_ci;

--
-- 傾印資料表的資料 `category_tag`
--

INSERT INTO `category_tag` (`id`, `tag`, `valid`) VALUES
(1, '臂肌', 1),
(2, '胸肌', 1),
(3, '背肌', 1),
(4, '腹肌', 1),
(5, '臀肌', 1),
(6, '腿肌', 1);

-- --------------------------------------------------------

--
-- 資料表結構 `comment_article`
--

CREATE TABLE `comment_article` (
  `id` int(6) UNSIGNED NOT NULL,
  `user_id` int(6) UNSIGNED NOT NULL,
  `date` datetime NOT NULL,
  `valid` tinyint(1) UNSIGNED NOT NULL,
  `content` varchar(3000) NOT NULL
) ENGINE=InnoDB DEFAULT CHARSET=utf8mb4;

-- --------------------------------------------------------

--
-- 資料表結構 `comment_video`
--

CREATE TABLE `comment_video` (
  `id` int(6) UNSIGNED NOT NULL,
  `user_id` int(6) UNSIGNED NOT NULL,
  `date` datetime NOT NULL,
  `valid` tinyint(1) UNSIGNED NOT NULL,
  `content` varchar(3000) COLLATE utf8mb4_unicode_ci NOT NULL
) ENGINE=InnoDB DEFAULT CHARSET=utf8mb4 COLLATE=utf8mb4_unicode_ci;

-- --------------------------------------------------------

--
-- 資料表結構 `customer_service_data`
--

CREATE TABLE `customer_service_data` (
  `id` int(6) UNSIGNED NOT NULL,
  `account` varchar(20) CHARACTER SET utf8 COLLATE utf8_unicode_ci NOT NULL,
  `email` varchar(30) CHARACTER SET utf8 COLLATE utf8_unicode_ci NOT NULL,
  `type` varchar(10) CHARACTER SET utf8 COLLATE utf8_unicode_ci NOT NULL,
  `content` text COLLATE utf8mb4_unicode_ci NOT NULL
) ENGINE=InnoDB DEFAULT CHARSET=utf8mb4 COLLATE=utf8mb4_unicode_ci;

--
-- 傾印資料表的資料 `customer_service_data`
--

INSERT INTO `customer_service_data` (`id`, `account`, `email`, `type`, `content`) VALUES
(1, 'Brook', 'Brook@test.com', 'other', '這是一筆測試的資料');

-- --------------------------------------------------------

--
-- 資料表結構 `notifications`
--

CREATE TABLE `notifications` (
  `id` int(6) UNSIGNED NOT NULL,
  `from_user` varchar(20) NOT NULL,
  `to_user` varchar(20) NOT NULL,
  `date` datetime NOT NULL,
  `type` varchar(200) NOT NULL,
  `is_read` varchar(3) NOT NULL,
  `viewed` varchar(3) NOT NULL
) ENGINE=InnoDB DEFAULT CHARSET=utf8mb4;

-- --------------------------------------------------------

--
-- 資料表結構 `order_status`
--

CREATE TABLE `order_status` (
  `id` int(10) UNSIGNED NOT NULL,
  `status` varchar(20) COLLATE utf8mb4_unicode_ci NOT NULL
) ENGINE=InnoDB DEFAULT CHARSET=utf8mb4 COLLATE=utf8mb4_unicode_ci;

--
-- 傾印資料表的資料 `order_status`
--

INSERT INTO `order_status` (`id`, `status`) VALUES
(1, '待出貨'),
(2, '已出貨'),
(3, '取消訂單');

-- --------------------------------------------------------

--
-- 資料表結構 `product`
--

CREATE TABLE `product` (
  `id` int(5) UNSIGNED NOT NULL,
  `name` varchar(200) COLLATE utf8mb4_unicode_ci NOT NULL,
  `category` int(5) UNSIGNED NOT NULL,
  `brand` int(5) UNSIGNED NOT NULL,
  `intro` varchar(2000) COLLATE utf8mb4_unicode_ci NOT NULL,
  `price` varchar(50) COLLATE utf8mb4_unicode_ci NOT NULL,
  `creat_time` datetime DEFAULT NULL,
  `update_time` datetime NOT NULL DEFAULT current_timestamp(),
  `valid` tinyint(1) UNSIGNED NOT NULL DEFAULT 1
) ENGINE=InnoDB DEFAULT CHARSET=utf8mb4 COLLATE=utf8mb4_unicode_ci;

--
-- 傾印資料表的資料 `product`
--

INSERT INTO `product` (`id`, `name`, `category`, `brand`, `intro`, `price`, `creat_time`, `update_time`, `valid`) VALUES
(1, '【MIZUNO 美津濃】女款路跑背心 J2TA1201XX（任選）(T恤)', 1, 1, '吸汗快乾材質,​前胸後中反光燙印,優惠便宜好價格,值得推薦！', '476', '2021-07-04 11:00:44', '2021-07-19 02:26:45', 1),
(2, '【Molybeka 魔力貝卡】高強度運動-抗震QQ纖維X型美背運動內衣 / 運動背心(超值3件組-隨機)', 1, 2, '多次實驗調整\r\n完美比例QQ彈力纖維\r\n全面包覆胸部\r\n體驗自由運動的舒適\r\n滿足各種運動姿勢的溫柔包覆\r\n高強度防震支\r\n運動內衣也要滿滿的安全感\r\n\r\n商品內容：\r\n顏色：黑/膚/藍 隨機（不含內褲）\r\n\r\n材質：尼龍/氨綸\r\n\r\n適穿尺寸：\r\nS 70/32 BCD\r\nM 75/34 BCD\r\nL 80/36 BCD\r\nXL 85/38 BCD\r\n\r\n\r\n(((貼身內著衣物-內褲、襪子(基於衛生原則)，以上述無法受理退換貨，瑕疵品除外)))\r\n\r\n注意事項：\r\n布料染料時，深色比淺色不易固色，因此深色衣服下水時，會見水中有許色水，此屬正常現象，請您別擔心，請安心穿著！\r\n洗滌方法：手洗（深色衣物與淺色衣物請分開洗，請勿浸泡或使用洗衣機、脫水機，及任何刷子類物品清洗，請使用中性洗劑（沐浴乳、洗 精等），加入少許清水，待充分溶解后再放入衣物清洗。', '857', '2021-07-04 11:04:49', '2021-07-19 02:26:45', 1),
(3, 'S.G ADIDAS ORIGINALS ADICOLOR 短袖 女款 休閒 運動 透氣 純棉 天空藍', 1, 3, '', '870', '2021-07-04 11:04:49', '2021-07-19 02:26:45', 1),
(4, 'adidas 愛迪達】Yoga 輕量波紋瑜珈墊-8mm', 3, 3, '質地柔軟易捲便攜\r\n雙面紋理全面防滑\r\n立體支撐，提供專業防護作用\r\n環保材質無毒無味，親膚不刺激\r\n高密度緩衝減震，有效減小壓力\r\n\r\n【內容物】 瑜珈墊8mm\r\n【尺寸】 176 （L） ｘ 61 （W） ｘ 0.8 （H） cm\r\n\r\n【顏色/料號】 寶石紅／曬圖藍／草原綠\r\n寶石紅→ADYG-10100MR\r\n曬圖藍→ADYG-10100BL\r\n\r\n\r\n【重量】 0.5 Kg\r\n【產地】 中國大陸\r\n【材質】 EVA(85%)、TPE(15%)', '870', '2021-07-04 11:08:14', '2021-07-19 02:26:45', 1),
(5, '【adidas官方旗艦館】Alphabounce 跑鞋 運動鞋 男/女 共三款\r\n', 2, 3, 'A款 ALPHABOUNCE EK 跑鞋\r\n\r\n力求方便活動的實用跑鞋\r\n\r\n這款跑鞋旨在伴你在交叉訓練中發揮創意。\r\n\r\n採用彈力鞋面，挺括舒適，配橡膠大底，旨在方便活動。\r\n\r\n含Bounce中底，旨在為運動添舒適。\r\n\r\nB款 ALPHABOUNCE+ 跑鞋\r\n\r\n旨在為跑者打造的跑鞋\r\n\r\n提升競爭力。\r\n\r\n這款跑鞋按運動員跑步和訓練的方式設計，含成型結構，助你訓練側向移動。\r\n\r\n含Bounce+和襪套式結構，與你一同準備開練。\r\n\r\nC款 ALPHABOUNCE 1 跑鞋\r\n\r\n專為嚴苛訓練設計的支撐性跑鞋\r\n\r\n把每次練跑和敏捷度訓練當成比賽日。\r\n\r\n當比賽終於來臨，你已完全做好準備。\r\n\r\n這款 adidas 跑鞋專為全方位爆發加速力設計，助你跑出更強優勢。\r\n\r\n透氣鞋面具備彈性和穩定性，而彈力 Bounce 中底讓每個步伐都充滿力量。', '1120', '2021-07-04 11:08:14', '2021-07-19 02:26:45', 1),
(6, '【PUMA】女性 緊身褲 訓練褲 健身褲(多色選)', 1, 4, '此版型偏大 建議下訂小一碼\r\n約 S 腰圍33CM 臀圍42CM 褲長92CM\r\nM 腰圍36CM 臀圍45CM 褲長93CM\r\nL 腰圍39CM 臀圍49CM 褲長94CM\r\nXL腰圍42CM 臀圍53CM 褲長95CM\r\n商品產地︰ (依實際出貨為主)\r\n標示尺寸規格可能有正常誤差值1-3cm。商品圖檔顏色因攝影打光及個別電腦螢幕設定而略\r\n有不同，請以實際商品顏色為準。', '1599', '2021-07-04 11:11:31', '2021-07-19 02:26:45', 1),
(7, '【NIKE 耐吉】上衣 女款 短袖上衣 運動 訓練 慢跑 AS W NP 365 TOP SS ESSENTIAL 黑 AO9952-010\r\n', 1, 5, '', '616', '2021-07-04 11:14:27', '2021-07-19 02:26:45', 1),
(8, '【NIKE 耐吉】上衣 男款 短袖上衣 緊身 快乾 健身 運動 AS M NP TOP SS TIGHT 黑 BV5632-010\r\n', 1, 5, '', '572', '2021-07-04 11:14:27', '2021-07-19 02:26:45', 1),
(9, '【adidas官方旗艦館】ADICOLOR 運動短褲 男(GN3523)', 1, 3, 'ADIcolor 運動短褲 \r\n\r\n風格經典的必備款短褲\r\n\r\n無論是在池畔休息還是做做白日夢，這款 adidas 短褲都是不二之選。\r\n\r\n方便的口袋可攜帶錢包和手機，只要下水前記得拿出來就好。\r\n\r\n此單品採用高機能再生材質 Primegreen 製成。', '1237', '2021-07-04 11:14:27', '2021-07-19 02:26:45', 1),
(10, '【adidas官方旗艦館】D.O.N. Issue #2 短袖上衣 男(GP2235)', 1, 3, 'D.O.N. Issue #2 短袖上衣\r\n\r\nDonovan Mitchell就是一往無前，一心只想籃筐。\r\n\r\n無論是打球還是做別的，這款上衣旨在展現你對Donovan Mitchell的熱愛和他的精氣神。\r\n\r\n胸前反光網格式圖案，旨在致敬其綽號“Spida”所蘊含的氣質。\r\n\r\n此為亞洲尺寸。', '599', '2021-07-04 11:14:27', '2021-07-19 02:26:45', 1),
(11, '【PUMA官方旗艦】訓練系列麻花短袖T恤 男性 51455102\r\n', 1, 4, '\r\n', '616', '2021-07-04 11:19:31', '2021-07-19 02:26:45', 1),
(12, '【PUMA官方旗艦】瑜珈系列Studio扭結短版短袖T恤 女性 52022801', 1, 4, 'Burnout燒花印花，不對稱條紋設計，呈現透膚半透明效果\r\n網布拼接於領口及袖口，增添層次感\r\n前扭結設計，女生們無法抗拒的流行細節', '1080', '2021-07-04 11:19:31', '2021-07-19 02:26:45', 1),
(13, '【PUMA官方旗艦】Hybrid NX 慢跑運動鞋 男性 19225902\r\n', 2, 4, '', '2090', '2021-07-04 11:19:31', '2021-07-19 02:26:45', 1),
(14, '【NIKE 耐吉】MC TRAINER 男慢跑鞋-健身 訓練 運動 丈青黑白(CU3580400)\r\n', 2, 5, '', '1760', '2021-07-04 11:19:31', '2021-07-19 02:26:45', 1),
(15, '【adidas官方旗艦館】ULTRABOOST 21 跑鞋 運動鞋 男(FY0377)\r\n', 2, 3, 'ULTRABOOST 21 跑鞋\r\n\r\n提供極致能量回饋的 Ultraboost 21\r\n\r\n完美的定義不斷進化，第一雙 adidas Ultraboost 推出時是我們最高階的跑鞋。\r\n\r\n我們透過每一次的改良設計提高標準，造就前所未有的避震效能，以及空前的能量回饋。\r\n\r\n此版本搭配增量 6% 的 Boost 材質，以及具支撐力的 adidas Primeknit+ 鞋面。\r\n\r\nLinear Energy Push 系統為前足和中足提供支撐，讓每個步伐都充滿能量。', '4383', '2021-07-04 11:19:31', '2021-07-19 02:26:45', 1),
(16, '【MIZUNO 美津濃】WAVE PROPHECY X ㄧ般型男款慢跑鞋 J1GC210019(慢跑鞋)\r\n', 2, 1, '', '5504', '2021-07-04 11:19:31', '2021-07-19 02:26:45', 1),
(17, '【adidas 愛迪達】慢跑鞋 Ultraboost 20 襪套式 女鞋 愛迪達 三線 緩震 運動休閒 CNY 新年 黑紅(H04408)\r\n', 2, 3, '', '4080', '2021-07-04 11:19:31', '2021-07-19 02:26:45', 1),
(18, '【PUMA官方旗艦】Prowl Slip On 訓練運動鞋 女性 19307803\r\n', 2, 4, '', '1490', '2021-07-04 11:19:31', '2021-07-19 02:26:45', 1),
(19, '【NIKE 耐吉】慢跑鞋 Joyride Run 襪套 運動 女鞋 襪套 輕量 透氣 舒適 避震 路跑 健身 白 彩(CW2642-181)\r\n', 2, 5, '', '2980', '2021-07-04 11:19:31', '2021-07-19 02:26:45', 1),
(20, '【MIZUNO 美津濃】WAVE RIDER 24 一般型女款慢跑鞋 ENERZY中底材質 J1GD200301(慢跑鞋)\r\n', 2, 5, '', '2208', '2021-07-04 11:19:31', '2021-07-19 02:26:45', 1),
(21, '【adidas 愛迪達】ULTRABOOST 20 女 慢跑鞋 多款任選(FX7816 FX7811 EG0770 EG0716)\r\n', 2, 3, '', '3303', '2021-07-04 11:28:00', '2021-07-19 02:26:45', 1),
(22, '【adidas 愛迪達】Adidas Strength 六角訓練啞鈴(4kg)\r\n', 3, 3, '', '504,864,1224,1764,2210', '2021-07-04 11:28:00', '2021-07-19 02:26:45', 1),
(23, '【CHANSON 強生】彩色鑄鐵六角啞鈴(2支入)', 3, 6, '', '480,700,960,1160,1300', '2021-07-04 11:28:00', '2021-07-19 02:26:45', 1),
(24, '【強生CHANSON】電鍍啞鈴(雙入)\r\n', 3, 6, '9&10KG*2入\r\n高級電鍍+防滑握把，握感舒適\r\n最簡單方便的健身器材', '2100,2400', '2021-07-04 11:28:00', '2021-07-19 02:26:45', 1),
(25, '【Fun Sport】競技壺鈴', 3, 7, '全身性運動，激發核心肌群及爆發\r\n重訓/復健/運動\r\n多元訓練變化，打造完美線條', '2341,3024,3278,3745', '2021-07-04 11:28:00', '2021-07-19 02:26:45', 1),
(26, '【Fun Sport】健力環-乳膠環狀彈力阻力帶', 3, 7, '輔助健身訓練,引體向上\r\n爆發力及肌耐力訓練\r\n增加重量訓練的強度\r\n什麼是彈力帶\r\n\r\n可以調整關節和提升肌耐力，減少關節的壓力。因為有提升肌力的效果\r\n\r\n故有健身教練拿來做為肌力訓練的工具，至今已有好久的歷史。\r\n\r\n彈力帶材質有乳膠、TPE等膠類材質\r\n\r\n利用其彈性、韌性來訓練肌肉的伸展延展進而強化提升肌耐力。\r\n\r\n彈力帶種類\r\n\r\n長度約120M的彈力帶，因應健身訓練的不同需求，演化出有更長約\r\n\r\n180~250M的規格，因為其阻抗運動依照肌肉出力的程度\r\n\r\n又分為厚度如0.35m~0.95m，愈厚的需要更使力，反之薄的力量\r\n\r\n即較小，一般女生使用的會比較薄，或者依照訓練的進度來漸進更換強度。\r\n\r\n在外型上，除了長條型，還有圓圈環形的彈力帶\r\n\r\n如『樂訓環』、『捷力環』、『大力環』、『健力環』這些產品\r\n\r\n直徑大小不一定，視運動教練課程的運用來挑選。', '531,801,972,1280', '2021-07-04 11:28:00', '2021-07-19 02:26:45', 1),
(27, '【Fun Sport】翹翹臀-不挑腿可調長度翹臀圈', 3, 7, '不挑腿尺寸可調，一條搞定\r\n深蹲臀舉橋式練臀阻力加強\r\n採用親膚彈性布貼腿不滑動\r\n\r\n商品規格\r\n顏色 率性綠、美力粉\r\n尺寸 寬8CM，最長45CM平鋪測量\r\n附件 收納袋（一條一個）', '540', '2021-07-04 11:28:00', '2021-07-19 02:26:45', 1),
(28, '【Comefree】瑜珈防爆抗力球65cm(兩色任選)', 3, 8, '特殊防爆安全設計\r\n強化柔軟度的訓練\r\nMIT台灣製造 品質保證', '599', '2021-07-04 11:28:00', '2021-07-19 02:26:45', 1),
(29, '【Comefree】植纖系列瑜珈運動按摩滾筒-加長版(50cm)\r\n\r\n', 3, 8, '添加可回收之植物纖維\r\n加長型50cm滾筒支撐更穩定\r\n可做為瑜珈柱使用', '1062', '2021-07-04 11:28:00', '2021-07-19 02:26:45', 1),
(30, '【Comefree 超值組】羽量級TPE摺疊瑜珈墊+瑜珈伸展圈2入(四色可選)', 3, 8, 'TPE材質，無毒最安心\r\n羽量級重僅有640公克\r\nSGS檢驗合格，台灣製造', '999', '2021-07-04 11:28:00', '2021-07-19 02:26:45', 1),
(31, '【ON 歐恩】金牌乳清蛋白5磅', 4, 9, '5.5克BCAA支鏈氨基酸\r\n4克氨醯胺\r\n24克蛋白質', '1999', '2021-07-04 11:39:42', '2021-07-19 02:26:45', 1),
(32, '【美國 ON】金牌 WHEY 乳清蛋白', 4, 9, '優質的乳清蛋白,最佳高蛋白營養\r\n顧客評價極高的乳清蛋白\r\n富含分離乳清蛋白,營養高,吸收', '3399', '2021-07-04 11:39:42', '2021-07-19 02:26:45', 1),
(33, '【美國 ON】CREATINE 肌酸(600g/罐)', 4, 9, '運動員必備\r\n肌酸是目前最熱門的運動營養補充品，為許多健美及運動愛好者的最佳首選商品，建議可同時搭配高蛋白及高澱粉食物一起使用。\r\n\r\n肌酸最佳食用時間為運動前的30分鐘或者運動後的一至兩個小時內。\r\n食用期多喝水，可以促進肌酸被人體肌肉吸收', '899,1699', '2021-07-04 11:39:42', '2021-07-19 02:26:45', 1),
(34, '【Spark Protein】Spark Bite優質蛋白巧克力－4種口味綜合組(石臼抹茶、香濃牛奶、野莓派對、醇黑可可)', 4, 10, '榮獲iTQi國際風味1星推薦\r\n富含牛奶及大豆蛋白質\r\n減糖60%，每份僅含2.5g糖', '999', '2021-07-04 11:39:42', '2021-07-19 02:26:45', 1),
(35, '【Spark Protein】Spark Crunch高纖優蛋白脆球-隨手包(黑巧可可)\r\n', 4, 10, '無使用麵粉，降低精緻澱粉攝取\r\n10g以上優質牛奶及大豆蛋白質\r\n純烘烤非油炸，減油更健康', '49', '2021-07-04 11:39:42', '2021-07-19 02:26:45', 1),
(36, '【Spark Protein】Spark Shake 高纖優蛋白飲 - 玄米煎茶拿鐵 乳清蛋白(1kg袋裝)\r\n', 4, 10, '每份提供20g以上蛋白質\r\n頂級台灣研磨茶粉使用\r\n無添加糖、代糖及香精', '1350', '2021-07-04 11:39:42', '2021-07-19 02:26:45', 1),
(37, '【MYPROTEIN】Impact 乳清蛋白粉(黑糖珍珠奶茶/1kg/包)', 4, 11, '每份蛋白質含量高達 21 克\r\n4.5克BCAA 2 克亮氨酸\r\nLABDOOR評為 A 級產品\r\n\r\n\r\n【商品特色】\r\n\r\n乳清一份25g，蛋白質含量18~21g，熱量94~103大卡 \r\n\r\n \r\n\r\nImpact 乳清蛋白粉的產品設計\r\nImpact 乳清蛋白粉選用最優質的牛奶乳清原料，採用全天候青草餵養方式，每份含有蛋白質高達 21 克。產品中含有所有人體必需氨基酸，每份乳清蛋白粉還含有 4.5 克 BCAA支鏈氨基酸和 3.6 克谷氨?胺。本產品極易溶解和混合，可以被人體更好的消化和吸收。此外，每份 Impact 乳清蛋白粉僅含 1.9 克脂肪和 1 克碳水化合物。此款優質乳清蛋白粉口感極佳並具有非常高的性價比，如果您在尋找高營養價值的膳食補充劑，Impact 乳清蛋白粉是您理想的選擇。\r\n\r\nImpact 乳清蛋白粉的功效\r\nImpact 乳清蛋白粉服用方便，為您提供了高質量的蛋白質營養，可全天候促進肌肉的生長和維護，每餐份僅含103 卡路里熱量，Impact 乳清蛋白粉適合所有類型的運動從事者服用，也適合業餘、專業等各種水平的健身者。\r\n\r\n適用人群\r\nImpact 乳清蛋白粉適合各類運動員和健身人士，有助於達到訓練目標和優化健身效果，也適合需要增加蛋白質攝入量的人群。不論你是專業健身者還是業餘體育運動愛好者。\r\n\r\n服用時間？\r\n運動後人體代謝速率會大幅提升，Impact 乳清蛋白粉吸收快速，因此特別適合在運動健身後 30-60 分鐘內服用，也可在全天任何時候服用補充蛋白質。服用方法多種多樣，可以將蛋白粉和水或牛奶混合作為補充蛋白飲料服用，也可以和果汁混合飲用或加入希臘式酸奶中一起食用。\r\n\r\n \r\n\r\n【使用說明】\r\n\r\n在 Myprotein 搖搖杯中添加1大舀勺 Impact 乳清蛋白粉（約 25 克），和水或牛奶振盪混合後，即時飲用。為達到最佳效果，在健身運動前和/或運動後30分鐘內服用。(約包裝內附湯匙一平匙)\r\n加入可密封的杯子，以上下搖動的方式將乳清粉沖散即可飲用\r\n本產品也可以作為健康零食服用，或在兩餐之間補充蛋白質營養。\r\n建議一匙乳清搭配250cc左右的飲品(冷水/冰水/鮮奶等)\r\n如果在晚間睡前服用補充蛋白質攝入，我們建議將本產品和牛奶混合服用效果最佳。因為牛奶提供更慢的吸收速率，和乳清蛋白粉混合服用更有利於在夜間為人體持續補充營養。', '1199', '2021-07-04 11:39:42', '2021-07-19 02:26:45', 1),
(38, '【MYPROTEIN】英國 MYPROTEIN 官方代理經銷 燕麥乳清蛋白棒 18條/盒(巧克力豆口味)\r\n', 4, 11, '每條蛋白質含量高達23克\r\n含糖量比別人低,僅含2.8公克\r\n添加豐富燕麥,增加飽足感~\r\n\r\n產品特點 :\r\n每個蛋白棒含有 23 克蛋白質\r\n富含膳食纖維\r\n低糖\r\n\r\n產品介紹\r\n我們最新推出的燕麥乳清蛋白棒是一款美味又營養的酥餅類零食，適合需要在飲食中增加蛋白質和碳水化合物攝入的人食用。每88 克燕麥乳清蛋白棒含有從牛奶蛋白質和乳清濃縮蛋白混合物中提煉出來的高達23 克的蛋白質。其中的碳水化合物成分源自獨特的燕麥混合物，既營養又美味。\r\n\r\n在原有的燕麥乳清蛋白棒基礎之上，我們改進了獨特的配方，提升了口感，並為這個產品系列增加了兩種口感極佳的新口味。櫻桃杏仁和鹽焗焦糖這2 個新品絕對可以給甜食愛好者無與倫比的味蕾體驗，為您帶來充滿驚喜的甜蜜時光。\r\n\r\n燕麥乳清 蛋白棒的適用人群？\r\n無論是普通健身者還是馬拉松運動員都適合服用燕麥乳清蛋白棒。本產品是所有需要通過營養零食增加蛋白質攝入量的運動員或健身者的最佳選擇。運動員和健身者經常要面對緊張的健身訓練日程，蛋白質是所有運動營養補充品的重要組成部分。燕麥乳清蛋白棒可以輕鬆地放進包袋中，方便實用。', '1299', '2021-07-04 11:39:42', '2021-07-19 02:26:45', 1),
(39, '【米森】有機無麩質大燕麥片x4盒組(450g/盒)\r\n', 4, 12, '即沖即食，含膳食纖維\r\n完全熟化，細緻薄片、口感綿密\r\n無添加防腐劑、人工香料及色素\r\n\r\n「米森」特選來自芬蘭的有機純燕麥片\r\n獨特的冰湖地形，形成天然純淨的環境條件\r\n並利用春夏溫暖時期，引用無汙染冰湖雪水灌溉\r\n蘊育出麥香濃郁且飽滿的有機燕麥\r\n\r\n且特別從農場種植到加工過程中，嚴格執行完整的無麩質製程\r\n來確保有機大燕麥片符合歐盟無麩質(Gluten Free)規定\r\n並且全程通過有機驗證，給全家人雙份安心與保障\r\n ', '175,615,198,729', '2021-07-04 11:39:42', '2021-07-19 02:26:45', 1),
(40, '【米森】洋車前子殼纖維粉(180g)\r\n', 4, 12, '天然膳食纖維最佳來源\r\n無添加防腐劑、人工香料及色素\r\n富含膳食纖維增加飽足感', '285', '2021-07-04 11:39:42', '2021-07-19 02:26:45', 1);

-- --------------------------------------------------------

--
-- 資料表結構 `product_category`
--

CREATE TABLE `product_category` (
  `id` int(5) UNSIGNED NOT NULL,
  `name` varchar(20) COLLATE utf8mb4_unicode_ci NOT NULL,
  `valid` tinyint(1) UNSIGNED NOT NULL DEFAULT 1
) ENGINE=InnoDB DEFAULT CHARSET=utf8mb4 COLLATE=utf8mb4_unicode_ci;

--
-- 傾印資料表的資料 `product_category`
--

INSERT INTO `product_category` (`id`, `name`, `valid`) VALUES
(1, '服飾', 1),
(2, '鞋子', 1),
(3, '器材', 1),
(4, '食品', 1);

-- --------------------------------------------------------

--
-- 資料表結構 `product_img`
--

CREATE TABLE `product_img` (
  `id` int(6) UNSIGNED NOT NULL,
  `product_id` int(5) UNSIGNED NOT NULL,
  `img_name` varchar(200) COLLATE utf8mb4_unicode_ci NOT NULL
) ENGINE=InnoDB DEFAULT CHARSET=utf8mb4 COLLATE=utf8mb4_unicode_ci;

--
-- 傾印資料表的資料 `product_img`
--

INSERT INTO `product_img` (`id`, `product_id`, `img_name`) VALUES
(1, 1, '1001-1.png'),
(2, 1, '1001-2.png'),
(3, 1, '1001-3.png'),
(4, 1, '1001-4.png'),
(5, 1, '1001-5.png'),
(6, 2, '1002-1.png'),
(7, 2, '1002-2.png'),
(8, 2, '1002-3.png'),
(9, 2, '1002-4.png'),
(10, 2, '1002-5.png'),
(11, 2, '1002-6.png'),
(12, 3, '1003-1.jpg'),
(13, 3, '1003-2.jpg'),
(14, 4, '3001-1.jpg'),
(15, 4, '3001-2.jpg'),
(16, 4, '3001-3.jpg'),
(17, 5, '2001-1.jpg'),
(18, 5, '2001-2.jpg'),
(19, 5, '2001-3.jpg'),
(20, 5, '2001-4.jpg'),
(21, 6, '1004-1.jpg'),
(22, 6, '1004-2.jpg'),
(23, 6, '1004-3.jpg'),
(24, 6, '1004-4.jpg'),
(25, 6, '1004-5.jpg'),
(26, 6, '1004-6.jpg'),
(27, 7, '1005-1.jpg'),
(28, 7, '1005-6.jpg'),
(29, 7, '1005-3.jpg'),
(30, 8, '1006-1.jpg'),
(31, 8, '1006-2.jpg'),
(32, 8, '1006-3.jpg'),
(33, 8, '1006-4.jpg'),
(34, 9, '1007-1.jpg'),
(35, 9, '1007-2.jpg'),
(36, 9, '1007-3.jpg'),
(37, 9, '1007-4.jpg'),
(38, 9, '1007-5.jpg'),
(39, 10, '1008-1.jpg'),
(40, 10, '1008-2.jpg'),
(41, 10, '1008-3.jpg'),
(42, 10, '1008-4.jpg'),
(43, 10, '1008-5.jpg'),
(44, 11, '1009-1.jpg'),
(45, 11, '1009-2.jpg'),
(46, 11, '1009-3.jpg'),
(47, 12, '1010-1.jpg'),
(48, 12, '1010-2.jpg'),
(49, 12, '1010-3.jpg'),
(50, 12, '1010-4.jpg'),
(51, 12, '1010-5.jpg'),
(52, 12, '1010-6.jpg'),
(53, 13, '2002-1.jpg'),
(54, 13, '2002-2.jpg'),
(55, 13, '2002-3.jpg'),
(56, 13, '2002-4.jpg'),
(57, 13, '2002-5.jpg'),
(58, 14, '2003-1.jpg'),
(59, 14, '2003-2.jpg'),
(60, 14, '2003-3.jpg'),
(61, 14, '2003-4.jpg'),
(62, 15, '2004-1.jpg'),
(63, 15, '2004-2.jpg'),
(64, 15, '2004-3.jpg'),
(65, 15, '2004-4.jpg'),
(66, 15, '2004-5.jpg'),
(67, 15, '2004-6.jpg'),
(68, 16, '2005-1.jpg'),
(69, 16, '2005-2.jpg'),
(70, 16, '2005-3.jpg'),
(71, 16, '2005-4.jpg'),
(72, 17, '2006-1.jpg'),
(73, 17, '2006-2.jpg'),
(74, 17, '2006-3.jpg'),
(75, 17, '2006-4.jpg'),
(76, 18, '2007-1.jpg'),
(77, 18, '2007-2.jpg'),
(78, 18, '2007-3.jpg'),
(79, 18, '2007-4.jpg'),
(80, 18, '2007-5.jpg'),
(81, 19, '2008-1.jpg'),
(82, 19, '2008-2.jpg'),
(83, 19, '2008-3.jpg'),
(84, 19, '2008-4.jpg'),
(85, 19, '2008-5.jpg'),
(86, 19, '2008-6.jpg'),
(87, 20, '2009-1.jpg'),
(88, 20, '2009-2.jpg'),
(89, 20, '2009-3.jpg'),
(90, 20, '2009-4.jpg'),
(91, 20, '2009-5.jpg'),
(92, 21, '2010-1.jpg'),
(93, 21, '2010-2.jpg'),
(94, 21, '2010-3.jpg'),
(95, 21, '2010-4.jpg'),
(96, 21, '2010-5.jpg'),
(97, 21, '2010-6.jpg'),
(98, 22, '3002-1.jpg'),
(99, 22, '3002-2.jpg'),
(100, 22, '3002-3.jpg'),
(101, 22, '3002-4.jpg'),
(102, 23, '3003-1.jpg'),
(103, 23, '3003-2.jpg'),
(104, 23, '3003-3.jpg'),
(105, 23, '3003-4.jpg'),
(106, 24, '3004-1.jpg'),
(107, 24, '3004-2.jpg'),
(108, 24, '3004-3.jpg'),
(109, 24, '3004-4.jpg'),
(110, 24, '3004-5.jpg'),
(111, 25, '3005-1.jpg'),
(112, 25, '3005-2.jpg'),
(113, 25, '3005-3.jpg'),
(114, 25, '3005-4.jpg'),
(115, 25, '3005-5.jpg'),
(116, 25, '3005-6.jpg'),
(117, 26, '3006-1.jpg'),
(118, 26, '3006-2.jpg'),
(119, 26, '3006-3.jpg'),
(120, 26, '3006-4.jpg'),
(121, 26, '3006-5.jpg'),
(122, 27, '3007-1.jpg'),
(123, 27, '3007-2.jpg'),
(124, 27, '3007-3.jpg'),
(125, 27, '3007-4.jpg'),
(126, 27, '3007-5.jpg'),
(127, 28, '3008-1.jpg'),
(128, 28, '3008-2.jpg'),
(129, 28, '3008-3.jpg'),
(130, 28, '3008-4.jpg'),
(131, 28, '3008-5.jpg'),
(132, 28, '3008-6.jpg'),
(133, 29, '3009-1.jpg'),
(134, 29, '3009-2.jpg'),
(135, 29, '3009-3.jpg'),
(136, 29, '3009-4.jpg'),
(137, 29, '3009-5.jpg'),
(138, 29, '3009-6.jpg'),
(139, 29, '3009-7.jpg'),
(140, 30, '3010-1.jpg'),
(141, 30, '3010-2.jpg'),
(142, 30, '3010-3.jpg'),
(143, 30, '3010-4.jpg'),
(144, 30, '3010-5.jpg'),
(145, 30, '3010-6.jpg'),
(146, 31, '4001-1.jpg'),
(147, 31, '4001-2.jpg'),
(148, 31, '4001-3.jpg'),
(149, 31, '4001-4.jpg'),
(150, 31, '4001-5.jpg'),
(151, 32, '4002-1.jpg'),
(152, 32, '4002-2.jpg'),
(153, 33, '4003-1.jpg'),
(154, 33, '4003-2.jpg'),
(155, 33, '4003-3.jpg'),
(156, 33, '4003-4.jpg'),
(157, 33, '4003-5.jpg'),
(158, 34, '4004-1.jpg'),
(159, 34, '4004-2.jpg'),
(160, 34, '4004-3.jpg'),
(161, 34, '4004-4.jpg'),
(162, 35, '4005-1.jpg'),
(163, 35, '4005-2.jpg'),
(164, 35, '4005-3.jpg'),
(165, 35, '4005-4.jpg'),
(166, 35, '4005-5.jpg'),
(167, 36, '4006-1.jpg'),
(168, 36, '4006-2.jpg'),
(169, 36, '4006-3.jpg'),
(170, 36, '4006-4.jpg'),
(171, 36, '4006-5.jpg'),
(172, 37, '4007-1.jpg'),
(173, 37, '4007-2.jpg'),
(174, 37, '4007-3.jpg'),
(175, 37, '4007-4.jpg'),
(176, 38, '4008-1.jpg'),
(177, 38, '4008-2.jpg'),
(178, 39, '4009-1.jpg'),
(179, 39, '4009-2.jpg'),
(180, 39, '4009-3.jpg'),
(181, 39, '4009-4.jpg'),
(182, 39, '4009-5.jpg'),
(183, 40, '4010-1.jpg'),
(184, 40, '4010-2.jpg'),
(185, 40, '4010-3.jpg'),
(186, 40, '4010-4.jpg'),
(187, 40, '4010-5.jpg');

-- --------------------------------------------------------

--
-- 資料表結構 `product_sku`
--

CREATE TABLE `product_sku` (
  `id` int(6) UNSIGNED NOT NULL,
  `product_id` int(5) UNSIGNED NOT NULL,
  `sku_code` varchar(20) COLLATE utf8mb4_unicode_ci NOT NULL,
  `sku_group` varchar(20) COLLATE utf8mb4_unicode_ci NOT NULL,
  `price` int(6) UNSIGNED NOT NULL,
  `stock` int(5) UNSIGNED NOT NULL,
  `sale` int(6) UNSIGNED NOT NULL,
  `status` tinyint(1) NOT NULL DEFAULT 1,
  `update_time` datetime NOT NULL DEFAULT current_timestamp(),
  `valid` tinyint(3) UNSIGNED NOT NULL DEFAULT 1
) ENGINE=InnoDB DEFAULT CHARSET=utf8mb4 COLLATE=utf8mb4_unicode_ci;

--
-- 傾印資料表的資料 `product_sku`
--

INSERT INTO `product_sku` (`id`, `product_id`, `sku_code`, `sku_group`, `price`, `stock`, `sale`, `status`, `update_time`, `valid`) VALUES
(1, 1, '10011011', '1,4', 476, 10, 42, 3, '2021-07-21 00:18:13', 0),
(2, 1, '10011012', '1,5', 476, 42, 56, 3, '2021-07-21 00:18:13', 0),
(3, 1, '10011013', '1,6', 476, 23, 75, 3, '2021-07-21 00:18:13', 0),
(4, 1, '10011014', '1,7', 476, 11, 76, 3, '2021-07-21 00:18:13', 0),
(5, 1, '10011015', '1,8', 476, 2, 75, 2, '2021-07-21 00:18:13', 1),
(6, 1, '10011021', '2,4', 476, 45, 78, 1, '2021-07-21 00:18:13', 1),
(7, 1, '10011022', '2,5', 476, 36, 45, 1, '2021-07-21 00:18:13', 1),
(8, 1, '10011023', '2,6', 476, 0, 98, 3, '2021-07-21 00:18:13', 1),
(9, 1, '10011024', '2,7', 476, 22, 57, 1, '2021-07-21 00:18:13', 1),
(10, 1, '10011025', '2,8', 476, 10, 96, 1, '2021-07-21 00:18:13', 1),
(11, 1, '10011031', '3,4', 476, 35, 44, 1, '2021-07-21 00:18:13', 1),
(12, 1, '10011032', '3,5', 476, 45, 87, 1, '2021-07-21 00:18:13', 1),
(13, 1, '10011033', '3,6', 476, 20, 46, 1, '2021-07-21 00:18:13', 1),
(14, 1, '10011034', '3,7', 476, 23, 47, 1, '2021-07-21 00:18:13', 1),
(15, 1, '10011035', '3,8', 476, 57, 64, 1, '2021-07-21 00:18:13', 1),
(16, 2, '10022101', '9', 857, 24, 45, 1, '2021-07-21 00:18:13', 1),
(17, 2, '10022102', '10', 857, 32, 67, 1, '2021-07-21 00:18:13', 1),
(18, 2, '10022103', '11', 857, 15, 57, 1, '2021-07-21 00:18:13', 1),
(19, 3, '10033101', '12', 870, 15, 45, 1, '2021-07-21 00:18:13', 1),
(20, 3, '10033102', '13', 870, 13, 78, 1, '2021-07-21 00:18:13', 1),
(21, 3, '10033103', '14', 870, 15, 75, 1, '2021-07-21 00:18:13', 1),
(22, 3, '10033104', '15', 870, 65, 79, 1, '2021-07-21 00:18:13', 1),
(23, 3, '10033105', '16', 870, 42, 120, 1, '2021-07-21 00:18:13', 1),
(24, 4, '30013010', '17', 1120, 56, 84, 1, '2021-07-21 00:18:13', 1),
(25, 4, '30013020', '18', 1120, 14, 68, 1, '2021-07-21 00:18:13', 1),
(26, 5, '20013011', '19,21', 1599, 43, 56, 1, '2021-07-21 00:18:13', 1),
(27, 5, '20013012', '19,22', 1599, 51, 75, 1, '2021-07-21 00:18:13', 1),
(28, 5, '20013013', '19,23', 1599, 65, 12, 1, '2021-07-21 00:18:13', 1),
(29, 5, '20013021', '20,21', 1599, 46, 23, 1, '2021-07-21 00:18:13', 1),
(30, 5, '20013022', '20,22', 1599, 14, 56, 1, '2021-07-21 00:18:13', 1),
(31, 5, '20013023', '20,23', 1599, 42, 44, 1, '2021-07-21 00:18:13', 1),
(32, 6, '10041011', '24,26', 648, 45, 12, 1, '2021-07-21 00:18:13', 1),
(33, 6, '10041012', '24,27', 648, 10, 75, 1, '2021-07-21 00:18:13', 1),
(34, 6, '10041013', '24,28', 648, 12, 45, 1, '2021-07-21 00:18:13', 1),
(35, 6, '10041014', '24,29', 648, 32, 25, 1, '2021-07-21 00:18:13', 1),
(36, 6, '10041021', '25,26', 648, 45, 10, 1, '2021-07-21 00:18:13', 1),
(37, 6, '10041022', '25,27', 648, 32, 45, 1, '2021-07-21 00:18:13', 1),
(38, 6, '10041023', '25,28', 648, 54, 12, 1, '2021-07-21 00:18:13', 1),
(39, 6, '10041024', '25,29', 648, 42, 12, 1, '2021-07-21 00:18:13', 1),
(40, 7, '10051011', '30,31', 616, 45, 21, 1, '2021-07-21 00:18:13', 1),
(41, 7, '10051012', '30,32', 616, 12, 41, 1, '2021-07-21 00:18:13', 1),
(42, 7, '10051013', '30,33', 616, 10, 23, 1, '2021-07-21 00:18:13', 1),
(43, 8, '10062011', '34,35', 572, 23, 12, 1, '2021-07-21 00:18:13', 1),
(44, 8, '10062012', '34,36', 572, 10, 24, 1, '2021-07-21 00:18:13', 1),
(45, 8, '10062013', '34,37', 572, 56, 77, 1, '2021-07-21 00:18:13', 1),
(46, 8, '10062014', '34,38', 572, 65, 30, 1, '2021-07-21 00:18:13', 1),
(47, 8, '10062015', '34,39', 572, 95, 10, 1, '2021-07-21 00:18:13', 1),
(48, 9, '10072011', '40,41', 1237, 9, 102, 1, '2021-07-21 00:18:13', 1),
(49, 9, '10072012', '40,42', 1237, 32, 78, 1, '2021-07-21 00:18:13', 1),
(50, 9, '10072013', '40,43', 1237, 12, 45, 1, '2021-07-21 00:18:13', 1),
(51, 9, '10072014', '40,44', 1237, 20, 12, 1, '2021-07-21 00:18:13', 1),
(52, 10, '10082001', '45', 599, 18, 102, 1, '2021-07-21 00:18:13', 1),
(53, 10, '10082002', '46', 599, 20, 100, 1, '2021-07-21 00:18:13', 1),
(54, 11, '10092011', '47,52', 616, 22, 120, 1, '2021-07-21 00:18:13', 1),
(55, 11, '10092012', '48,52', 616, 35, 112, 1, '2021-07-21 00:18:13', 1),
(56, 11, '10092013', '49,52', 616, 30, 123, 1, '2021-07-21 00:18:13', 1),
(57, 11, '10092014', '50,52', 616, 21, 112, 1, '2021-07-21 00:18:13', 1),
(58, 11, '10092015', '51,52', 616, 32, 132, 1, '2021-07-21 00:18:13', 1),
(59, 11, '10092021', '47,53', 616, 45, 95, 1, '2021-07-21 00:18:13', 1),
(60, 11, '10092022', '48,53', 616, 20, 82, 1, '2021-07-21 00:18:13', 1),
(61, 11, '10092023', '49,53', 616, 35, 102, 1, '2021-07-21 00:18:13', 1),
(62, 11, '10092024', '50,53', 616, 12, 123, 1, '2021-07-21 00:18:13', 1),
(63, 11, '10092025', '51,53', 616, 35, 73, 1, '2021-07-21 00:18:13', 1),
(64, 12, '10101011', '54,56', 1080, 24, 68, 1, '2021-07-21 00:18:13', 1),
(65, 12, '10101012', '54,57', 1080, 33, 74, 1, '2021-07-21 00:18:13', 1),
(66, 12, '10101013', '54,58', 1080, 24, 80, 1, '2021-07-21 00:18:13', 1),
(67, 12, '10101021', '55,56', 1080, 32, 75, 1, '2021-07-21 00:18:13', 1),
(68, 12, '10101022', '55,57', 1080, 32, 88, 1, '2021-07-21 00:18:13', 1),
(69, 12, '10101023', '55,58', 1080, 24, 77, 1, '2021-07-21 00:18:13', 1),
(70, 13, '20022001', '59', 2090, 23, 54, 1, '2021-07-21 00:18:13', 1),
(71, 13, '20022002', '60', 2090, 32, 46, 1, '2021-07-21 00:18:13', 1),
(72, 13, '20022003', '61', 2090, 21, 66, 1, '2021-07-21 00:18:13', 1),
(73, 13, '20022004', '62', 2090, 34, 64, 1, '2021-07-21 00:18:13', 1),
(74, 13, '20022005', '63', 2090, 44, 33, 1, '2021-07-21 00:18:13', 1),
(75, 13, '20022006', '64', 2090, 54, 24, 1, '2021-07-21 00:18:13', 1),
(76, 13, '20022007', '65', 2090, 22, 77, 1, '2021-07-21 00:18:13', 1),
(77, 13, '20022008', '66', 2090, 31, 68, 1, '2021-07-21 00:18:13', 1),
(78, 14, '20032011', '67,68', 1760, 32, 87, 1, '2021-07-21 00:18:13', 1),
(79, 14, '20032012', '67,69', 1760, 33, 76, 1, '2021-07-21 00:18:13', 1),
(80, 14, '20032013', '67,70', 1760, 24, 77, 1, '2021-07-21 00:18:13', 1),
(81, 14, '20032014', '67,71', 1760, 21, 88, 1, '2021-07-21 00:18:13', 1),
(82, 15, '20042001', '72', 4383, 21, 100, 1, '2021-07-21 00:18:13', 1),
(83, 15, '20042002', '73', 4383, 25, 102, 1, '2021-07-21 00:18:13', 1),
(84, 15, '20042003', '74', 4383, 22, 103, 1, '2021-07-21 00:18:13', 1),
(85, 15, '20042004', '75', 4383, 26, 104, 1, '2021-07-21 00:18:13', 1),
(86, 15, '20042005', '76', 4383, 24, 104, 1, '2021-07-21 00:18:13', 1),
(87, 15, '20042006', '77', 4383, 23, 105, 1, '2021-07-21 00:18:13', 1),
(88, 15, '20042007', '78', 4383, 54, 110, 1, '2021-07-21 00:18:13', 1),
(89, 15, '20042008', '79', 4383, 66, 103, 1, '2021-07-21 00:18:13', 1),
(90, 16, '20052001', '80', 5504, 55, 44, 1, '2021-07-21 00:18:13', 1),
(91, 16, '20052002', '81', 5504, 56, 42, 1, '2021-07-21 00:18:13', 1),
(92, 16, '20052003', '82', 5504, 57, 42, 1, '2021-07-21 00:18:13', 1),
(93, 16, '20052004', '83', 5504, 56, 46, 1, '2021-07-21 00:18:13', 1),
(94, 16, '20052005', '84', 5504, 58, 64, 1, '2021-07-21 00:18:13', 1),
(95, 16, '20052006', '85', 5504, 52, 66, 1, '2021-07-21 00:18:13', 1),
(96, 17, '20061001', '86', 4080, 45, 91, 1, '2021-07-21 00:18:13', 1),
(97, 17, '20061002', '87', 4080, 50, 88, 1, '2021-07-21 00:18:13', 1),
(98, 17, '20061003', '88', 4080, 49, 93, 1, '2021-07-21 00:18:13', 1),
(99, 17, '20061004', '89', 4080, 47, 99, 1, '2021-07-21 00:18:13', 1),
(100, 17, '20061005', '90', 4080, 46, 101, 1, '2021-07-21 00:18:13', 1),
(101, 17, '20061006', '91', 4080, 44, 100, 1, '2021-07-21 00:18:13', 1),
(102, 17, '20061007', '92', 4080, 45, 93, 1, '2021-07-21 00:18:13', 1),
(103, 18, '20071001', '93', 1490, 77, 120, 1, '2021-07-21 00:18:13', 1),
(104, 18, '20071002', '94', 1490, 75, 125, 1, '2021-07-21 00:18:13', 1),
(105, 19, '20081001', '95', 2980, 84, 140, 1, '2021-07-21 00:18:13', 1),
(106, 19, '20081002', '96', 2980, 87, 141, 1, '2021-07-21 00:18:13', 1),
(107, 19, '20081003', '97', 2980, 89, 143, 1, '2021-07-21 00:18:13', 1),
(108, 19, '20081004', '98', 2980, 82, 146, 1, '2021-07-21 00:18:13', 1),
(109, 19, '20081005', '99', 2980, 81, 149, 1, '2021-07-21 00:18:13', 1),
(110, 20, '20091001', '100', 2208, 84, 130, 1, '2021-07-21 00:18:13', 1),
(111, 20, '20091002', '101', 2208, 88, 128, 1, '2021-07-21 00:18:13', 1),
(112, 20, '20091003', '102', 2208, 89, 124, 1, '2021-07-21 00:18:13', 1),
(113, 21, '20101011', '103,107', 3303, 54, 176, 1, '2021-07-21 00:18:13', 1),
(114, 21, '20101012', '103,108', 3303, 56, 172, 1, '2021-07-21 00:18:13', 1),
(115, 21, '20101013', '103,109', 3303, 54, 173, 1, '2021-07-21 00:18:13', 1),
(116, 21, '20101014', '103,110', 3303, 42, 143, 1, '2021-07-21 00:18:13', 1),
(117, 21, '20101015', '103,111', 3303, 54, 169, 1, '2021-07-21 00:18:13', 1),
(118, 21, '20101021', '104,107', 3303, 50, 168, 1, '2021-07-21 00:18:13', 1),
(119, 21, '20101022', '104,108', 3303, 54, 173, 1, '2021-07-21 00:18:13', 1),
(120, 21, '20101023', '104,109', 3303, 52, 171, 1, '2021-07-21 00:18:13', 1),
(121, 21, '20101024', '104,110', 3303, 53, 169, 1, '2021-07-21 00:18:13', 1),
(122, 21, '20101025', '104,111', 3303, 55, 160, 1, '2021-07-21 00:18:13', 1),
(123, 21, '20101031', '105,107', 3303, 53, 174, 1, '2021-07-21 00:18:13', 1),
(124, 21, '20101032', '105,108', 3303, 59, 140, 1, '2021-07-21 00:18:13', 1),
(125, 21, '20101033', '105,109', 3303, 54, 173, 1, '2021-07-21 00:18:13', 1),
(126, 21, '20101034', '105,110', 3303, 52, 143, 1, '2021-07-21 00:18:13', 1),
(127, 21, '20101035', '105,111', 3303, 55, 160, 1, '2021-07-21 00:18:13', 1),
(128, 21, '20101041', '106,107', 3303, 54, 180, 1, '2021-07-21 00:18:13', 1),
(129, 21, '20101042', '106,108', 3303, 55, 140, 1, '2021-07-21 00:18:13', 1),
(130, 21, '20101043', '106,109', 3303, 43, 100, 1, '2021-07-21 00:18:13', 1),
(131, 21, '20101044', '106,110', 3303, 39, 170, 1, '2021-07-21 00:18:13', 1),
(132, 21, '20101045', '106,111', 3303, 36, 144, 1, '2021-07-21 00:18:13', 1),
(133, 22, '30020001', '112', 504, 74, 33, 1, '2021-07-21 00:18:13', 1),
(134, 22, '30020002', '113', 864, 54, 130, 1, '2021-07-21 00:18:13', 1),
(135, 22, '30020003', '114', 1224, 56, 120, 1, '2021-07-21 00:18:13', 1),
(136, 22, '30020004', '115', 1764, 34, 94, 1, '2021-07-21 00:18:13', 1),
(137, 22, '30020005', '116', 2210, 20, 110, 1, '2021-07-21 00:18:13', 1),
(138, 23, '30030001', '117', 480, 0, 0, 1, '2021-07-21 00:18:13', 1),
(139, 23, '30030002', '118', 700, 64, 77, 1, '2021-07-21 00:18:13', 1),
(140, 23, '30030003', '119', 960, 30, 56, 1, '2021-07-21 00:18:13', 1),
(141, 23, '30030004', '120', 1160, 23, 40, 1, '2021-07-21 00:18:13', 1),
(142, 23, '30030005', '121', 1300, 20, 30, 1, '2021-07-21 00:18:13', 1),
(143, 24, '30040001', '122', 2100, 52, 40, 1, '2021-07-21 00:18:13', 1),
(144, 24, '30040002', '123', 2400, 70, 31, 1, '2021-07-21 00:18:13', 1),
(145, 25, '30050001', '124', 2341, 77, 40, 1, '2021-07-21 00:18:13', 1),
(146, 25, '30050002', '125', 3024, 86, 12, 1, '2021-07-21 00:18:13', 1),
(147, 25, '30050003', '126', 3278, 99, 12, 1, '2021-07-21 00:18:13', 1),
(148, 25, '30050004', '127', 3745, 94, 9, 1, '2021-07-21 00:18:13', 1),
(149, 26, '30060001', '128', 531, 56, 70, 1, '2021-07-21 00:18:13', 1),
(150, 26, '30060002', '129', 801, 43, 41, 1, '2021-07-21 00:18:13', 1),
(151, 26, '30060003', '130', 972, 75, 40, 1, '2021-07-21 00:18:13', 1),
(152, 26, '30060004', '131', 1280, 64, 31, 1, '2021-07-21 00:18:13', 1),
(153, 27, '30070001', '132', 540, 69, 120, 1, '2021-07-21 00:18:13', 1),
(154, 27, '30070002', '133', 540, 88, 100, 1, '2021-07-21 00:18:13', 1),
(155, 28, '30080001', '134', 599, 64, 130, 1, '2021-07-21 00:18:13', 1),
(156, 28, '30080002', '135', 599, 51, 120, 1, '2021-07-21 00:18:13', 1),
(157, 29, '30090001', '136', 1062, 21, 160, 1, '2021-07-21 00:18:13', 1),
(158, 30, '30100001', '137', 999, 84, 210, 1, '2021-07-21 00:18:13', 1),
(159, 30, '30100002', '138', 999, 94, 200, 1, '2021-07-21 00:18:13', 1),
(160, 30, '30100003', '139', 999, 76, 160, 1, '2021-07-21 00:18:13', 1),
(161, 30, '30100004', '140', 999, 65, 192, 1, '2021-07-21 00:18:13', 1),
(162, 31, '40010001', '141', 1999, 94, 213, 1, '2021-07-21 00:18:13', 1),
(163, 31, '40010002', '142', 1999, 86, 240, 1, '2021-07-21 00:18:13', 1),
(164, 32, '40020001', '143', 3399, 120, 261, 1, '2021-07-21 00:18:13', 1),
(165, 32, '40020002', '144', 3399, 98, 254, 1, '2021-07-21 00:18:13', 1),
(166, 33, '40030001', '145', 899, 123, 246, 1, '2021-07-21 00:18:13', 1),
(167, 33, '40030002', '146', 1699, 120, 265, 1, '2021-07-21 00:18:13', 1),
(168, 34, '40040001', '147', 999, 54, 160, 1, '2021-07-21 00:18:13', 1),
(169, 35, '40050001', '148', 49, 560, 1240, 1, '2021-07-21 00:18:13', 1),
(170, 36, '40060001', '149', 1350, 56, 40, 1, '2021-07-21 00:18:13', 1),
(171, 37, '40070001', '150', 1199, 130, 36, 1, '2021-07-21 00:18:13', 1),
(172, 38, '40080001', '151', 1299, 120, 68, 1, '2021-07-21 00:18:13', 1),
(173, 39, '40090011', '152,154', 175, 83, 354, 1, '2021-07-21 00:18:13', 1),
(174, 39, '40090012', '152,155', 615, 103, 360, 1, '2021-07-21 00:18:13', 1),
(175, 39, '40090021', '153,154', 198, 84, 298, 1, '2021-07-21 00:18:13', 1),
(176, 39, '40090022', '153,155', 729, 94, 260, 1, '2021-07-21 00:18:13', 1),
(177, 40, '40100000', '', 285, 163, 340, 1, '2021-07-21 00:18:13', 1);

-- --------------------------------------------------------

--
-- 資料表結構 `product_status`
--

CREATE TABLE `product_status` (
  `id` int(2) UNSIGNED NOT NULL,
  `name` varchar(10) COLLATE utf8mb4_unicode_ci NOT NULL
) ENGINE=InnoDB DEFAULT CHARSET=utf8mb4 COLLATE=utf8mb4_unicode_ci;

--
-- 傾印資料表的資料 `product_status`
--

INSERT INTO `product_status` (`id`, `name`) VALUES
(1, '供貨中'),
(2, '缺貨中'),
(3, '已下架');

-- --------------------------------------------------------

--
-- 資料表結構 `product_type`
--

CREATE TABLE `product_type` (
  `id` int(3) UNSIGNED NOT NULL,
  `name_frontend` varchar(20) COLLATE utf8mb4_unicode_ci NOT NULL,
  `name_backend` varchar(20) COLLATE utf8mb4_unicode_ci NOT NULL
) ENGINE=InnoDB DEFAULT CHARSET=utf8mb4 COLLATE=utf8mb4_unicode_ci;

--
-- 傾印資料表的資料 `product_type`
--

INSERT INTO `product_type` (`id`, `name_frontend`, `name_backend`) VALUES
(1, '顏色', 'color'),
(2, '尺寸', 'size'),
(3, '規格', 'specification'),
(4, '重量', 'weight'),
(5, '口味', 'flavor');

-- --------------------------------------------------------

--
-- 資料表結構 `product_type_value`
--

CREATE TABLE `product_type_value` (
  `id` int(6) UNSIGNED NOT NULL,
  `product_id` int(5) UNSIGNED NOT NULL,
  `type_id` int(3) UNSIGNED NOT NULL,
  `type_value` varchar(20) COLLATE utf8mb4_unicode_ci NOT NULL
) ENGINE=InnoDB DEFAULT CHARSET=utf8mb4 COLLATE=utf8mb4_unicode_ci;

--
-- 傾印資料表的資料 `product_type_value`
--

INSERT INTO `product_type_value` (`id`, `product_id`, `type_id`, `type_value`) VALUES
(1, 1, 1, '黑色'),
(2, 1, 1, '藍色'),
(3, 1, 1, '粉紅'),
(4, 1, 2, 'S'),
(5, 1, 2, 'M'),
(6, 1, 2, 'L'),
(7, 1, 2, 'XL'),
(8, 1, 2, '2XL'),
(9, 2, 1, '粉'),
(10, 2, 1, '灰'),
(11, 2, 1, '黑'),
(12, 3, 2, 'XS'),
(13, 3, 2, 'S'),
(14, 3, 2, 'M'),
(15, 3, 2, 'L'),
(16, 3, 2, 'XL'),
(17, 4, 1, '8mm(寶石紅)'),
(18, 4, 1, '8mm(珊瑚粉)'),
(19, 5, 4, 'B款'),
(20, 5, 4, 'C款'),
(21, 5, 2, 'UK 7 (25.5cm)'),
(22, 5, 2, 'UK 4(22.5cm)'),
(23, 5, 2, 'UK 7.5(26cm)'),
(24, 6, 1, '黑'),
(25, 6, 1, '紅'),
(26, 6, 2, 'S'),
(27, 6, 2, 'M'),
(28, 6, 2, 'L'),
(29, 6, 2, 'XL'),
(30, 7, 1, '黑'),
(31, 7, 2, 'S'),
(32, 7, 2, 'M'),
(33, 7, 2, 'L'),
(34, 8, 1, '黑'),
(35, 8, 2, 'S'),
(36, 8, 2, 'M'),
(37, 8, 2, 'L'),
(38, 8, 2, 'XL'),
(39, 8, 2, 'XXL'),
(40, 8, 1, '黑'),
(41, 8, 2, 'XS'),
(42, 8, 2, 'S'),
(43, 8, 2, 'M'),
(44, 8, 2, 'L'),
(45, 10, 2, 'A/M'),
(46, 10, 2, 'A/L'),
(47, 11, 2, 'S'),
(48, 11, 2, 'M'),
(49, 11, 2, 'L'),
(50, 11, 2, 'XL'),
(51, 11, 2, 'XXL'),
(52, 11, 1, '麻花灰'),
(53, 11, 1, '麻花藍'),
(54, 12, 1, '黑'),
(55, 12, 1, '粉'),
(56, 12, 2, 'S'),
(57, 12, 2, 'M'),
(58, 12, 2, 'L'),
(59, 13, 2, 'UK7'),
(60, 13, 2, 'UK7.5'),
(61, 13, 2, 'UK8'),
(62, 13, 2, 'UK8.5'),
(63, 13, 2, 'UK9'),
(64, 13, 2, 'UK9.5'),
(65, 13, 2, 'UK10'),
(66, 13, 2, 'UK10.5'),
(67, 14, 1, '藏青黑白'),
(68, 14, 2, '27'),
(69, 14, 2, '28'),
(70, 14, 2, '28.5'),
(71, 14, 2, '29'),
(72, 15, 2, 'UK 7(25.5cm)'),
(73, 15, 2, 'UK 7.5(26cm)'),
(74, 15, 2, 'UK 8(26.5cm)'),
(75, 15, 2, 'UK 8.5(27cm)'),
(76, 15, 2, 'UK 9(27.5cm)'),
(77, 15, 2, 'UK 9.5(28cm)'),
(78, 15, 2, 'UK 10(28.5cm)'),
(79, 15, 2, 'UK 10.5(29cm)'),
(80, 16, 2, '27'),
(81, 16, 2, '27.5'),
(82, 16, 2, '28'),
(83, 16, 2, '28.5'),
(84, 16, 2, '29'),
(85, 16, 2, '29.5'),
(86, 17, 2, 'US5.5 腳長22.5CM'),
(87, 17, 2, 'US6 腳長23CM'),
(88, 17, 2, 'US6.5 腳長23.5CM'),
(89, 17, 2, 'US7 腳長24CM'),
(90, 17, 2, 'US7.5 腳長24.5CM'),
(91, 17, 2, 'US8 腳長25CM'),
(92, 17, 2, 'US8.5 腳長25.5CM'),
(93, 18, 2, 'UK6'),
(94, 18, 2, 'UK4.5'),
(95, 19, 2, '腳長23.5CM 女US6.5'),
(96, 19, 2, '腳長24CM 女US7'),
(97, 19, 2, '腳長24.5CM 女US7.5'),
(98, 19, 2, '腳長25CM 女US8'),
(99, 19, 2, '腳長25.5CM 女US8.5'),
(100, 20, 2, '23.5'),
(101, 20, 2, '25.0'),
(102, 20, 2, '25.5'),
(103, 21, 1, 'A款_白色'),
(104, 21, 1, 'B款_深藍'),
(105, 21, 1, 'C款_灰色'),
(106, 21, 1, 'D款_粉色'),
(107, 21, 2, 'uk4(22.5cm)'),
(108, 21, 2, 'uk4.5(23cm)'),
(109, 21, 2, 'uk5(23.5cm)'),
(110, 21, 2, 'uk5.5(24cm)'),
(111, 21, 2, 'uk6(24.5cm)'),
(112, 22, 4, '1kg'),
(113, 22, 4, '2kg'),
(114, 22, 4, '3kg'),
(115, 22, 4, '4kg'),
(116, 22, 4, '5kg'),
(117, 23, 4, '1kg'),
(118, 23, 4, '2kg'),
(119, 23, 4, '3kg'),
(120, 23, 4, '4kg'),
(121, 23, 4, '5kg'),
(122, 24, 4, '9kg'),
(123, 24, 4, '10kg'),
(124, 25, 4, '12kg藍'),
(125, 25, 4, '24kg綠'),
(126, 25, 4, '28kg橘'),
(127, 25, 4, '32kg紅'),
(128, 26, 4, '11-23kg(黑)'),
(129, 26, 4, '23-34kg(紫)'),
(130, 26, 4, '45-54kg(綠)'),
(131, 26, 4, '57-79kg(藍)'),
(132, 27, 1, '率性綠'),
(133, 27, 1, '美力粉'),
(134, 28, 1, '黃色'),
(135, 28, 1, '藍色'),
(136, 29, 1, '燕麥色'),
(137, 30, 1, '時尚藍+瑜珈伸展圈2入'),
(138, 30, 1, '湖水綠+瑜珈伸展圈2入'),
(139, 30, 1, '蜜桃紅+瑜珈伸展圈2入'),
(140, 30, 1, '深海藍+瑜珈伸展圈2入'),
(141, 31, 5, '雙倍巧克力(5磅)'),
(142, 31, 5, '法式香草(5磅)'),
(143, 32, 5, '香草冰淇淋(10磅/袋)'),
(144, 32, 5, '香草冰淇淋(10磅/袋)'),
(145, 33, 3, '600公克/罐'),
(146, 33, 3, '1200公克/罐'),
(147, 34, 3, '4種口味綜合組'),
(148, 35, 5, '黑巧可可(單入/包)'),
(149, 36, 5, '玄米煎茶拿鐵(1kg/袋)'),
(150, 37, 5, '黑糖珍珠奶茶(1kg/袋)'),
(151, 38, 5, '巧克力(18/片)'),
(152, 39, 5, '無麩質大燕麥片'),
(153, 39, 5, '無麩質野莓麥片'),
(154, 39, 3, '1入'),
(155, 39, 3, '4入'),
(156, 41, 1, 'h'),
(157, 41, 2, '4');

-- --------------------------------------------------------

--
-- 資料表結構 `reset_password`
--

CREATE TABLE `reset_password` (
  `id` int(11) NOT NULL,
  `code` varchar(50) COLLATE utf8mb4_unicode_ci NOT NULL,
  `email` varchar(50) COLLATE utf8mb4_unicode_ci NOT NULL
) ENGINE=InnoDB DEFAULT CHARSET=utf8mb4 COLLATE=utf8mb4_unicode_ci;

-- --------------------------------------------------------

--
-- 資料表結構 `users`
--

CREATE TABLE `users` (
  `id` int(6) UNSIGNED NOT NULL,
  `account` varchar(20) COLLATE utf8_unicode_ci DEFAULT NULL,
  `password` varchar(100) COLLATE utf8_unicode_ci NOT NULL,
  `email` varchar(30) COLLATE utf8_unicode_ci DEFAULT NULL,
  `user_name` varchar(30) COLLATE utf8_unicode_ci DEFAULT NULL,
  `create_time` datetime DEFAULT NULL,
  `phone` varchar(30) COLLATE utf8_unicode_ci DEFAULT NULL,
  `address` varchar(100) COLLATE utf8_unicode_ci NOT NULL,
  `birthday` datetime NOT NULL,
  `gender` varchar(20) COLLATE utf8_unicode_ci NOT NULL,
  `intro` varchar(1000) COLLATE utf8_unicode_ci NOT NULL,
  `valid` int(5) NOT NULL,
  `article_count` int(6) UNSIGNED NOT NULL,
  `video_count` int(6) UNSIGNED NOT NULL
) ENGINE=InnoDB DEFAULT CHARSET=utf8 COLLATE=utf8_unicode_ci;

--
-- 傾印資料表的資料 `users`
--

INSERT INTO `users` (`id`, `account`, `password`, `email`, `user_name`, `create_time`, `phone`, `address`, `birthday`, `gender`, `intro`, `valid`, `article_count`, `video_count`) VALUES
(1, 'Aaliyah', '$2y$10$3w1sX1WBP6xUhdgn8zFGAucbMoIy3554HrziAdJ9Ooe4M5b4SHSUy', 'Aaliyah@test01.test01', '艾莉雅', '2021-07-07 17:19:56', '0922222222', '台北市中山路一段一號一樓', '2021-07-03 00:00:00', '女性', '沒有要介紹的', 1, 0, 0),
(2, 'Alice', '$2y$10$0FAYbqu8p5DrvrbJRjJYoer.XmKxYi61gpTADGQlQVm.LFyUsSLNu', 'Alice@test.com', '愛麗絲', '2021-07-07 17:21:32', '0922222555', '台北市南港路一段一號一樓', '2010-01-01 00:00:00', '女性', '沒有要介紹的', 1, 0, 0),
(3, 'Brook', '$2y$10$Fz9Rmv5oiZe7aE5nzYqPfeiWnBvyVkc/jHVvKnPYt6ZaXe6xu3axG', 'Brook@test.com', '布魯克', '2021-07-07 17:23:15', '0988777444', '桃園市中正路一段一號一樓', '2021-06-27 00:00:00', '男性', '大家好', 1, 0, 0),
(4, 'Clara', '$2y$10$OgDoi9rIXU0vXYHk5EkonupnuGsvoeQQ0/bCt2VxYrm5ZhF0Zx/P2', 'Clara@test.com', '克萊拉', '2021-07-07 17:24:50', '0977884442', '台中市台灣大道87號', '2001-02-03 00:00:00', '女性', '大家好', 1, 0, 0),
(5, 'Debby', '$2y$10$inz1mBjYZxf3WWqSQWw9Ou.IX9L52/ln3oJjGFx1iINAkGw8FAPvC', 'Debby@test.com', '黛碧	', '2021-07-07 17:26:03', '0988777888', '台北市基隆路一段一號一樓', '1997-01-07 00:00:00', '女性', '沒有要介紹的', 1, 0, 0),
(6, 'Eden', '$2y$10$CWpdETPi0H.PdvsaiLPeB.chtyhesK5Dlurnr9eZIA2MlZ7KAuru2', 'Eden@test.com', '伊甸', '2021-07-07 17:28:03', '0944555661', '新北市永和路一段一號', '2021-07-03 00:00:00', '男性', '大家好我是伊甸', 1, 0, 0),
(7, 'Emma', '$2y$10$EHWqOpuvBIQrP.V0CZwQdOaGrrq.Ni.FZuUG36KG4Hl.57D6Qhk0y', 'Emma@test.com', '艾瑪', '2021-07-07 17:29:34', '0965555664', '台北市南港路一段一號一樓', '1980-01-05 00:00:00', '女性', '很難搞', 1, 0, 0),
(8, 'Evelyn', '$2y$10$/Cjr5XJjszyU4R12U.TFQewQPr/GHpSum5u2XabWnU2VaxLOz8XMa', 'Evelyn@test.com', '伊芙琳	', '2021-07-07 17:30:50', '0922555441', '新北市福和路二段二號二樓', '2000-01-01 00:00:00', '女性', '千', 1, 0, 0),
(9, 'Freda', '$2y$10$bIZmXOF5EoSwHzXAnDFZHe2YALmZuuPgm0QTEWOcLcXIFlZ.C4cW2', 'Freda@test.com', '弗莉達', '2021-07-07 17:32:47', '0977888415', '新竹市中正路二段二號二樓', '1945-07-10 00:00:00', '女性', '', 1, 0, 0),
(10, 'Grace', '$2y$10$kkoPoL6tvc4s43f9fp/09eTSQQNdHgOX97iyF3EfD1EUM.nkHhJJC', 'Grace@test.com', '葛瑞絲', '2021-07-07 17:34:30', '0955444621', '高雄市七賢一路45號', '1995-12-12 00:00:00', '女性', '', 1, 0, 0),
(11, 'Page', '$2y$10$j.Ybgf.gAIaxjRDKW0HwjuUCgcfMu0Ia4gqiA0vkn4gco3OLAf7Za', 'Page@test.com', '蓓姬', '2021-07-07 17:37:01', '0988777441', '新北市連城路一號一樓', '1991-02-02 00:00:00', '女性', '你好', 1, 0, 0),
(12, 'Zona', '$2y$10$u41YUfN1N/1I5yfbWOGBEeEZEgAKrv4vCF/RmirmkOHvoKRsk5qpO', 'Zona@test.com', '若娜', '2021-07-07 17:39:38', '0955442134', '雲林縣中正路一段一號', '1995-06-06 00:00:00', '女性', '', 1, 0, 0),
(13, 'Gavin', '$2y$10$0b.JoxNq/F3yPVHMEtqwB.ruaS6BEBvCD2rQTaa6bezOBkdtgULUW', 'Gavin@test.com', '加文', '2021-07-07 17:41:38', '0922111445', '桃園市文化路一段一號一樓', '1988-08-08 00:00:00', '男性', '1263', 1, 0, 0),
(14, 'Patrick', '$2y$10$tFeWL1gywUNP82QCvUivXeZbLiyhLvm0Jshcj8UJ4vQKw7hRQh0ky', 'Patrick@test.com', '派翠克', '2021-07-07 17:44:07', '0988774214', '彰化縣軍功路一段一號', '1955-03-03 00:00:00', '女性', '', 1, 0, 0),
(15, 'Rudolph', '$2y$10$BRm8JS5qG9EKDZy3Ycnm1eN8hQntpd7BRKQzxlOYP1N1i2SJSmiby', 'Rudolph@test.com', '魯道夫', '2021-07-07 17:45:42', '0988777421', '台北市青田街87號7樓', '2001-01-10 00:00:00', '男性', '', 1, 0, 0),
(16, 'Tony', '$2y$10$unmcWnNJMaMMEWGHNwEc5e.57N.5Iw01etmUXC.lq0k29L1p8PCy2', 'Tony@test.com', '東尼', '2021-07-07 17:47:08', '0988745124', '台北市和平東路一段一號一樓', '1960-01-26 00:00:00', '男性', '', 1, 0, 0),
(17, 'Wayne', '$2y$10$u89qCjbOY.RhUuajEAUX0ezDNdj4xYVhdbeymEgxkXoACF1uTOY6e', 'Wayne@test.com', '韋恩', '2021-07-07 17:48:31', '0957575757', '台北市信義路一段一號一樓', '1968-05-10 00:00:00', '男性', '', 1, 0, 0),
(18, 'Sammy', '$2y$10$wb/aJpRcrZhbY4OiZ1tv2emgupCiZJPD88827IIHp6X9ddSe0ipvm', 'Sammy@test.com', '薩米', '2021-07-07 17:50:53', '0922575412', '台中市市府路一段一號一樓', '2005-07-08 00:00:00', '女性', '薩米', 1, 0, 0),
(19, 'Sinclair', '$2y$10$BQejHZoarrrSG5ymAaJXjOQ7TRAyJlCxpA7/UQDWMNLYzTD5swSqm', 'Sinclair@tses.com', '辛克萊', '2021-07-07 17:52:02', '0924578424', '南投縣仁愛路一段一號', '1989-09-09 00:00:00', '女性', '', 1, 0, 0),
(20, 'Steve', '$2y$10$.qDNwH3kLRi4KgFjYlMrdegjHj3YpPdlkWvJQQ0hT/hEjugHtwOAe', 'Steve@test.com', '史蒂夫', '2021-07-07 17:52:49', '988774124', '台北市松江路一段一號一樓', '1987-08-07 00:00:00', '男性', '', 1, 0, 0);

-- --------------------------------------------------------

--
-- 資料表結構 `user_collection`
--

CREATE TABLE `user_collection` (
  `id` tinyint(4) NOT NULL,
  `user_id` tinyint(4) NOT NULL,
  `video_id` tinyint(4) NOT NULL,
  `product_id` tinyint(4) NOT NULL,
  `article_id` tinyint(4) NOT NULL
) ENGINE=InnoDB DEFAULT CHARSET=utf8mb4 COLLATE=utf8mb4_unicode_ci;

--
-- 傾印資料表的資料 `user_collection`
--

INSERT INTO `user_collection` (`id`, `user_id`, `video_id`, `product_id`, `article_id`) VALUES
(1, 1, 0, 0, 1),
(2, 1, 0, 0, 2);

-- --------------------------------------------------------

--
-- 資料表結構 `user_like`
--

CREATE TABLE `user_like` (
  `id` int(6) UNSIGNED NOT NULL,
  `user_id` varchar(20) COLLATE utf8mb4_unicode_ci NOT NULL,
  `comment_id` int(6) NOT NULL,
  `video_id` int(6) UNSIGNED NOT NULL,
  `product_id` varchar(50) COLLATE utf8mb4_unicode_ci NOT NULL,
  `article_id` tinyint(4) NOT NULL
) ENGINE=InnoDB DEFAULT CHARSET=utf8mb4 COLLATE=utf8mb4_unicode_ci;

--
-- 傾印資料表的資料 `user_like`
--

INSERT INTO `user_like` (`id`, `user_id`, `comment_id`, `video_id`, `product_id`, `article_id`) VALUES
(1, '1', 0, 0, '', 1),
(2, '2', 0, 0, '', 2);

-- --------------------------------------------------------

--
-- 資料表結構 `user_order`
--

CREATE TABLE `user_order` (
  `id` int(10) UNSIGNED NOT NULL,
  `user_id` int(6) UNSIGNED NOT NULL,
  `recipient` varchar(30) COLLATE utf8mb4_unicode_ci NOT NULL,
  `phone` varchar(11) COLLATE utf8mb4_unicode_ci NOT NULL,
  `address` varchar(50) COLLATE utf8mb4_unicode_ci NOT NULL,
  `invoice_no` varchar(10) COLLATE utf8mb4_unicode_ci NOT NULL,
  `order_date` datetime NOT NULL,
  `order_no` varchar(15) COLLATE utf8mb4_unicode_ci NOT NULL,
  `paytype` enum('ATM匯款','線上刷卡','貨到付款','') COLLATE utf8mb4_unicode_ci NOT NULL,
  `delivery` enum('郵寄','宅急便','超商貨到付款','') COLLATE utf8mb4_unicode_ci NOT NULL,
  `delivery_date` datetime DEFAULT NULL,
  `subtotal` int(6) UNSIGNED NOT NULL,
  `delivery_fee` int(3) UNSIGNED NOT NULL,
  `total_amount` int(6) UNSIGNED NOT NULL,
  `order_status` int(2) UNSIGNED NOT NULL,
  `valid` int(2) UNSIGNED NOT NULL
) ENGINE=InnoDB DEFAULT CHARSET=utf8mb4 COLLATE=utf8mb4_unicode_ci;

--
-- 傾印資料表的資料 `user_order`
--

INSERT INTO `user_order` (`id`, `user_id`, `recipient`, `phone`, `address`, `invoice_no`, `order_date`, `order_no`, `paytype`, `delivery`, `delivery_date`, `subtotal`, `delivery_fee`, `total_amount`, `order_status`, `valid`) VALUES
(1, 16, 'Tony', '0988745124', '台北市和平東路一段一號一樓', 'HQ34877546', '2021-05-02 23:15:20', '2105ORD0201', 'ATM匯款', '郵寄', NULL, 0, 0, 0, 1, 1),
(2, 3, 'Brook', '0988777444', '桃園市中正路一段一號一樓', 'XU46183280', '2021-05-05 05:16:37', '2105ORD0502', '線上刷卡', '宅急便', NULL, 0, 0, 0, 1, 1),
(3, 12, 'Zona', '0955442134', '雲林縣中正路一段一號', 'PH87841994', '2021-05-08 05:16:37', '2108ORD0803', '線上刷卡', '超商貨到付款', NULL, 0, 0, 0, 1, 1),
(4, 11, 'Page', '0988777441', '新北市連城路一號一樓', 'MN20935305', '2021-05-09 05:18:26', '2105ORD0904', 'ATM匯款', '郵寄', NULL, 0, 0, 0, 1, 1),
(5, 5, 'Debby', '0988777888', '台北市基隆路一段一號一樓', 'NE75492620', '2021-05-11 05:18:26', '2105ORD1105', 'ATM匯款', '郵寄', NULL, 0, 0, 0, 1, 1),
(6, 17, 'Wayne', '0957575757', '台北市信義路一段一號一樓', 'XO32958959', '2021-05-17 23:16:37', '2105ORD1706', '貨到付款', '宅急便', NULL, 0, 0, 0, 1, 1),
(7, 12, 'Zona', '0955442134', '雲林縣中正路一段一號', 'EM44735889', '2021-05-21 10:17:15', '2105ORD2107', 'ATM匯款', '超商貨到付款', NULL, 0, 0, 0, 1, 1),
(8, 6, 'Eden', '0944555661', '新北市永和路一段一號', 'XC42052682', '2021-05-21 15:17:15', '2105ORD2108', '線上刷卡', '宅急便', NULL, 0, 0, 0, 1, 1),
(9, 18, 'Sammy', '0922575412', '台中市市府路一段一號一樓', 'ZO48417614', '2021-05-21 12:19:53', '2105ORD2109', 'ATM匯款', '宅急便', NULL, 0, 0, 0, 1, 1),
(10, 7, 'Emma', '0965555664', '台北市南港路一段一號一樓', 'FY12193099', '2021-05-23 00:17:15', '2105ORD2310', 'ATM匯款', '郵寄', NULL, 0, 0, 0, 3, 1),
(11, 13, 'Gavin', '0922111445', '桃園市文化路一段一號一樓', 'EL60087395', '2021-06-02 11:14:10', '2106ORD0211', '貨到付款', '郵寄', NULL, 0, 0, 0, 1, 1),
(12, 9, 'Freda', '0977888415', '新竹市中正路二段二號二樓', 'DH86702032', '2021-06-14 12:25:32', '2106ORD1412', '貨到付款', '郵寄', NULL, 0, 0, 0, 1, 1),
(13, 4, 'Clara', '0977884442', '台中市台灣大道87號', 'LB24234639', '2021-06-14 12:22:18', '2106ORD1413', 'ATM匯款', '宅急便', NULL, 0, 0, 0, 1, 1),
(14, 19, 'Sinclair', '0924578424', '南投縣仁愛路一段一號', 'PB49048777', '2021-06-21 09:25:30', '2106ORD2114', '貨到付款', '宅急便', NULL, 0, 0, 0, 3, 1),
(15, 1, 'Aaliyah', '0922222222', '台北市中山路一段一號一樓', 'IB36655935', '2021-06-21 05:12:31', '2106ORD2115', 'ATM匯款', '超商貨到付款', NULL, 0, 0, 0, 1, 1),
(16, 20, 'Steve', '988774124', '台北市松江路一段一號一樓', 'QL26821065', '2021-06-24 05:04:22', '2106ORD2416', '線上刷卡', '超商貨到付款', NULL, 0, 0, 0, 1, 1),
(17, 18, 'Sammy', '0922575412', '台中市市府路一段一號一樓', 'IE96732841', '2021-06-24 08:42:22', '2106ORD2417', '線上刷卡', '超商貨到付款', NULL, 0, 0, 0, 2, 1),
(18, 6, 'Eden', '0944555661', '新北市永和路一段一號', 'UX91579676', '2021-06-27 03:16:11', '2106ORD2718', 'ATM匯款', '超商貨到付款', NULL, 0, 0, 0, 2, 1),
(19, 14, 'Patrick', '0988774214', '彰化縣軍功路一段一號', 'YZ70060738', '2021-06-27 06:39:11', '2106ORD2719', '貨到付款', '宅急便', NULL, 0, 0, 0, 1, 1),
(20, 2, 'Alice', '0922222555', '台北市南港路一段一號一樓', 'KE74899692', '2021-06-27 13:25:22', '2106ORD2720', '貨到付款', '郵寄', NULL, 0, 0, 0, 2, 1),
(21, 4, 'Clara', '0977884442', '台中市台灣大道87號', 'IC88943484', '2021-07-02 05:30:22', '2107ORD0221', '線上刷卡', '郵寄', NULL, 0, 0, 0, 2, 1),
(22, 17, 'Wayne', '0957575757', '台北市信義路一段一號一樓', 'VW61843081', '2021-07-02 08:46:22', '2107ORD0222', '貨到付款', '宅急便', NULL, 0, 0, 0, 2, 1),
(23, 10, 'Grace', '0955444621', '高雄市七賢一路45號', 'AA85078484', '2021-07-02 20:32:53', '2107ORD0223', '貨到付款', '宅急便', NULL, 0, 0, 0, 1, 1),
(24, 5, 'Debby', '0988777888', '台北市基隆路一段一號一樓', 'UT54606118', '2021-07-05 09:15:22', '2107ORD0524', '線上刷卡', '超商貨到付款', NULL, 0, 0, 0, 2, 1),
(25, 1, 'Aaliyah', '0922222222', '台北市中山路一段一號一樓', 'EU18754631', '2021-07-14 08:54:56', '2107ORD1425', '貨到付款', '郵寄', NULL, 0, 0, 0, 2, 1);

-- --------------------------------------------------------

--
-- 資料表結構 `user_order_detail`
--

CREATE TABLE `user_order_detail` (
  `id` int(11) UNSIGNED NOT NULL,
  `order_id` int(11) UNSIGNED NOT NULL,
  `product_id` int(6) UNSIGNED NOT NULL,
  `qty` int(3) UNSIGNED NOT NULL
) ENGINE=InnoDB DEFAULT CHARSET=utf8mb4 COLLATE=utf8mb4_unicode_ci;

--
-- 傾印資料表的資料 `user_order_detail`
--

INSERT INTO `user_order_detail` (`id`, `order_id`, `product_id`, `qty`) VALUES
(1, 1, 43, 2),
(2, 1, 80, 1),
(3, 1, 84, 1),
(4, 2, 129, 1),
(5, 2, 174, 3),
(6, 3, 15, 2),
(7, 4, 98, 1),
(8, 4, 72, 2),
(9, 5, 46, 2),
(10, 6, 126, 3),
(11, 7, 102, 2),
(12, 7, 44, 1),
(13, 8, 62, 3),
(14, 9, 173, 2),
(15, 9, 102, 4),
(16, 10, 163, 2),
(17, 10, 134, 1),
(18, 11, 65, 2),
(19, 11, 177, 1),
(20, 12, 4, 1),
(21, 13, 83, 2),
(22, 13, 110, 1),
(23, 14, 80, 2),
(24, 15, 77, 1),
(25, 15, 28, 2),
(26, 16, 111, 2),
(27, 17, 122, 1),
(28, 18, 155, 2),
(29, 19, 72, 1),
(30, 20, 83, 2),
(31, 21, 21, 3),
(32, 22, 53, 1),
(33, 23, 58, 5),
(34, 24, 78, 1),
(35, 25, 87, 1);

-- --------------------------------------------------------

--
-- 資料表結構 `user_watchLater`
--

CREATE TABLE `user_watchLater` (
  `id` int(11) NOT NULL,
  `user_id` int(6) UNSIGNED NOT NULL,
  `video_id` int(6) UNSIGNED NOT NULL
) ENGINE=InnoDB DEFAULT CHARSET=utf8mb4;

-- --------------------------------------------------------

--
-- 資料表結構 `video_file`
--

CREATE TABLE `video_file` (
  `id` int(6) UNSIGNED NOT NULL,
  `title` varchar(200) COLLATE utf8mb4_unicode_ci NOT NULL,
  `filePath` varchar(100) COLLATE utf8mb4_unicode_ci NOT NULL,
  `description` varchar(500) COLLATE utf8mb4_unicode_ci NOT NULL,
  `category` int(6) UNSIGNED NOT NULL,
  `duration` varchar(10) COLLATE utf8mb4_unicode_ci NOT NULL DEFAULT '0',
  `upload_date` datetime NOT NULL DEFAULT current_timestamp(),
  `views` int(6) UNSIGNED NOT NULL DEFAULT 0,
  `likes` int(6) UNSIGNED NOT NULL DEFAULT 0,
  `favorite` int(6) UNSIGNED NOT NULL DEFAULT 0,
  `valid` tinyint(1) UNSIGNED NOT NULL DEFAULT 1
) ENGINE=InnoDB DEFAULT CHARSET=utf8mb4 COLLATE=utf8mb4_unicode_ci;

--
-- 傾印資料表的資料 `video_file`
--

INSERT INTO `video_file` (`id`, `title`, `filePath`, `description`, `category`, `duration`, `upload_date`, `views`, `likes`, `favorite`, `valid`) VALUES
(1, '一首歌時間瘦身 - 4 分鐘 TABATA	', 'uploads/videos/60e7109b7f92e.mp4', 'Tabata 4 Minute Workout Special for Beginner &amp; Ladies\n1. Squat \n2. Kneeling Push up \n3. Dynamic Lunges \n4. High Knee \n5. Spider Crawl', 3, '04:19', '2021-07-08 22:50:03', 1305, 0, 0, 1),
(2, '4 分鐘初學者 TABATA', 'uploads/videos/60e713099a985.mp4', '運動 20 秒\n休息 10 秒\n總共 8 回', 3, '04:06', '2021-07-08 23:00:25', 1698, 0, 0, 1),
(3, '居家4分鐘爆汗燃脂 TABATA每天4組急速瘦身 - TABATA Home Workout', 'uploads/videos/60e715767fb05.mp4', '大家疫情在家辛苦囉\n嗑冰棒吃餅乾之餘\n每天也可以花幾分鐘運動唷', 3, '04:02', '2021-07-08 23:10:46', 2481, 0, 0, 1),
(4, '初階tabata訓練 四分鐘 一首歌的時間爆汗', 'uploads/videos/60e7184636558.mp4', '四分鐘TABATA，短時間內高效率運動，\r\n跟著我們一起爆汗燃脂！', 3, '03:58', '2021-07-08 23:22:46', 1957, 0, 0, 1),
(5, '6分鐘 超嗨拳擊有氧甩油塑身操', 'uploads/videos/60e71aa1186d6.mp4', '你是不是在休假期間天天享受美食下午茶，因而吃太多、動太少，不知不覺就整個人胖了一圈，正苦惱著如何雕塑全身吶？！\r\n快跟著adidas #adigirls美力訓練營教練Shelly一起打拳甩油燃燒脂肪吧！ ', 1, '06:11', '2021-07-08 23:32:49', 2874, 0, 0, 1),
(6, '5分鐘燃脂 - 徒手有氧運動', 'uploads/videos/60e71dd7e7163.mp4', '簡短而有效率的有氧運動！\r\n大家一起來燃燒脂肪吧！', 1, '05:12', '2021-07-08 23:46:31', 2143, 0, 0, 1),
(7, '居家防疫 | 10分鐘高強度居家運動 - 燃燒脂肪 有氧+無氧', 'uploads/videos/60e71fb866373.mp4', '這個HIIT超燃脂影片會鍛鍊到全身上下\r\n裡面的動作包含了有氧運動以及自重重量訓練\r\n每天跟著跳一次可以燃燒脂肪、提升新陳代謝\r\n建議大家在家裡運動還是穿著運動鞋\r\n這樣在跑跑跳跳時比較安全 腳的負擔也比較小', 1, '10:20', '2021-07-08 23:54:32', 1897, 0, 0, 1),
(8, '10 分鐘腹肌訓練【中級版】10 Min Abs workout', 'uploads/videos/60e720bf814b8.mp4', '分享给大家 - 【10分鐘的集中核心訓練】\n即使嚴禁在家，每天被美食誘惑圍繞著，依然不阻礙我們想要腹肌的心！\n一起鞏固核心力量，完成這 15 個訓練動作吧～\n祝大家健身愉快！', 4, '10:42', '2021-07-08 23:58:55', 2386, 0, 0, 1),
(9, '練腹部很無感？｜三個基礎動作喚醒核心｜新手的你必看', 'uploads/videos/60ecf9f884bf8.mp4', '⭐基礎核心訓練：\r\n\r\n棒式30秒\r\n死蟲式30秒\r\n彈力繩核心訓練30秒\r\n\r\n►做完三個動作為一組，做3~4組。', 4, '12:01', '2021-07-13 10:27:04', 2209, 0, 0, 1),
(10, '7 分鐘居家徒手腹肌訓練【初級版】無裝備', 'uploads/videos/60ed011b51f6c.mp4', '分享給大家 - 【7分鐘的站立式核心訓練】\n分別有：第一組的 5 秒間隔休息時間，和第二組的不間斷無休息。\n即使被疫情阻礙了健身進度，在家依然可以實現 擁有腹肌的心！\n一起鞏固核心力量，完成這 12 個訓練動作吧～\n\n祝大家健身愉快！', 4, '07:17', '2021-07-13 10:57:31', 3409, 0, 0, 1),
(11, '【每天一遍】10分鐘脂肪消減訓練(男女通用)', 'uploads/videos/60ed042d8d861.mp4', '快速消除脂肪\r\n基礎核心訓練\r\n', 4, '11:45', '2021-07-13 11:10:37', 2148, 0, 0, 1),
(12, '新手不挫折之10分鐘居家腹肌運動', 'uploads/videos/60ed07f0743d0.mp4', '哈囉又是我～為了各位新手出的跟著做腹肌運動來了\r\n提升信心同時，也比較能循序漸進地加強核心力量喔\r\n建議大家可以先看這支和物理治療師合作的影片，會更清楚知道核心的發力技巧喔\r\n新手如何正確練核心腹肌？物理治療師教你改善脖子痠、下背痛問題 | 初學者的降階動作教學 ', 4, '11:09', '2021-07-13 11:26:40', 1468, 0, 0, 1),
(13, '新手如何正確練核心腹肌？- 物理治療師教你改善脖子痠、下背痛問題', 'uploads/videos/60ed0991be3df.mp4', '最近有越來越多女孩開始跟著May Fit居家訓練，許多人在堅持鍛鍊下來獲得好成果，\r\n但也同時收到關於不知如何讓核心正確發力的問題，以及腰酸、頸痛等狀況出現。\r\n為了給各位專業的解答，這次影片特別邀情好友兼物理治療師NINI擔任嘉賓，\r\n講解核心腹肌的發力技巧，以及適合初學者的降階動作！', 4, '10:54', '2021-07-13 11:33:37', 1377, 0, 0, 1),
(15, '在家10分鐘燃脂運動『不用器材』｜10分鐘有氧運動', 'uploads/videos/60ed16a9554a1.mp4', '準備好一起有氧了嗎？\r\n每個動作30秒，累狗！', 1, '11:02', '2021-07-13 12:29:29', 2943, 0, 0, 1),
(16, '6 個最優的肩膀訓練動作 造出肌肥大三角肌 | 科學研究證實', 'uploads/videos/60f2628dabc26.mp4', '6 個最優的肩膀訓練動作 造出肌肥大三角肌 | 科學研究證實\n這個影片，Sebastian 教你有效率的訓練每個三角肌的部位來幫助肌肉生長。影片中也講解三角肌的結構及研究論文的分享。', 2, '14:52', '2021-07-17 12:54:37', 2468, 0, 0, 1),
(17, '重訓肩膀拉傷，半年都不會好！？【行動整聊室】', 'uploads/videos/60f26337bcd8a.mp4', '重訓拉傷肩膀是很常見的事，有許多人做大重量的人，都會因此卡關，甚至半年一年都沒辦法有所進步，因此這次的影片就來看一下，這樣的問題該怎麼處理，以及為什麼會發生這樣的事情吧！  ', 2, '08:34', '2021-07-17 12:57:27', 1098, 0, 0, 1),
(18, '重訓健身，一週要練幾天才有效？｜How many days a week should I workout?｜新手系列', 'uploads/videos/60f26459af386.mp4', '【胸肌】\n【背部】\n【股四頭】\n【側三角】\n【二頭肌】\n【三頭肌】\n【腹肌】', 2, '03:10', '2021-07-17 13:02:17', 6038, 0, 0, 1),
(19, '舉的輕也能練壯嗎？輕重量高次數訓練的效果', 'uploads/videos/60f2651e9e987.mp4', '深入淺出講解搭配自身經驗分享，希望能為大家解惑。', 2, '05:09', '2021-07-17 13:05:34', 3950, 0, 0, 1),
(20, '10分鐘 ｜ 啞鈴練全身', 'uploads/videos/60f2722874f3a.mp4', '今天我們的訓練加入啞鈴\r\n如果家中閒置很久\r\n要重不重要輕不輕的啞鈴\r\n現在派上用場了\r\n平時都做徒手訓練的朋友藉由啞鈴來增加阻力\r\n也能做到更多徒手做不到的上肢訓練\r\n跟著影片利用啞鈴從頭練到腳', 2, '11:02', '2021-07-17 14:01:12', 2109, 0, 0, 1),
(21, '重訓如何挑選適合的重量？｜How to pick the right weight？', 'uploads/videos/60f274874be33.mp4', '重訓到底要練多重才有效？要怎麼挑選自己的重量  重訓可以簡單分成所謂的： 1.力量訓練：1~6rm的重量 2.肌肥大訓練：8~12rm的重量 3.肌耐力訓練：低於15rm的重量  你應該針對自己的需求，下去分配這幾種訓練所佔的比重 而這幾種方法是互相輔助的，應該妥善分配這些訓練在自己的菜單中', 2, '03:41', '2021-07-17 14:11:19', 3810, 0, 0, 1),
(22, '重量訓練可以燃燒多少熱量？ | 這個數字會讓你感到驚訝！', 'uploads/videos/60f276020fd2a.mp4', '我們都想知道重量訓練會燃燒多少熱量。在影片中，我和Yalan會根據有關這個主題的最新研究為你們提供答案。', 2, '00:25', '2021-07-17 14:17:38', 2943, 0, 0, 1),
(23, '重訓完！可以吃炸雞補充蛋白質嗎？', 'uploads/videos/60f29955b2a1b.mp4', '重訓完想吃炸雞嗎？\r\n快來看看我的分析吧！\r\n\r\n影片中的照片影片，都為示意，與內容無關～', 5, '00:09', '2021-07-17 16:48:21', 1894, 0, 0, 1),
(25, '吃出六塊肌! (腹肌飲食) - 健身飲食', 'uploads/videos/60f3077ba6135.mp4', '這是我們的 &quot;第一個&quot; YouTube健身飲食影片。我們會陸陸續續拍攝一連串我們所知道的健身飲食知識，毫不保留無私的跟大家分享。這第一個影片是先介紹最基礎的一些概念，然後簡單說明營養素以及分享我們自己採用，有效率的營養素比例。也在影片中示範我們日常生活中的營養素是從那些食材來攝取的。', 5, '00:13', '2021-07-18 00:38:19', 5783, 0, 0, 1),
(26, '大H | IFBB PRO 外食族增肌寶典 正確增肌不增脂', 'uploads/videos/60f3097dd998d.mp4', '增肌外食菜單大公開! 提供完整增肌飲食內容，教大家如何正確選擇對增肌有益的食物。\n便利超商、朋友聚餐、自助餐，吃對食物，就能確實幫助增肌 ; 如何控制飲食份量，不讓增肌變增脂，影片中將有詳細的說明，敘述的內容，是以我近年非賽季中的切身經驗，分享給大家。這部影片還有神秘「健人」友情客串，風趣幽默的他，帶給我們超多歡樂!', 5, '14:30', '2021-07-18 00:46:53', 2057, 0, 0, 1),
(27, '想要變壯？攝取蛋白質的三個原則', 'uploads/videos/60f30a71a6d20.mp4', '講解蛋白質攝取原則，大家可以留言一起討論！', 5, '00:11', '2021-07-18 00:50:57', 1745, 0, 0, 1),
(28, '如何25分鐘內完成一週減脂便當?', 'uploads/videos/60f4ef04788c0.mp4', '有在運動及飲食控制的人，很容易因為沒時間準備或是不知道怎麼抓飲食份量而使得減脂進度變慢，最好的方式就是事先準備囉! 這個影片會教你如何在25分鐘內完成4道菜、怎麼分裝便當，讓最麻煩的飲食控制變得簡單又方便!', 5, '00:37', '2021-07-19 11:18:28', 3325, 0, 0, 1),
(29, '[鄭多燕瘦身有氧] 10分鐘甩肉操 瘦手臂瘦腰腹瘦大腿小腿(全身減重篇)', 'uploads/videos/60f4f01248e3a.mp4', '運動時間：10分鐘\r\n等級評估：基礎運動\r\n燃脂部位：瘦全身\r\n適用族群：蘋果型全身胖體態、軟趴趴肉肉族、上班族', 1, '10:31', '2021-07-19 11:22:58', 8987, 0, 0, 1),
(30, '一週戒糖挑戰！回歸健身飲食，除了吃水煮餐，你還有更好的選擇?！｜泰森Taisen', 'uploads/videos/60f4fc8fa956e.mp4', '#一週戒糖挑戰 ＃回歸健身飲食 #怎能只吃水煮餐\n為了讓大家知道過量攝取糖份，所對身體造成的傷害，因此執行這項挑戰！', 5, '00:13', '2021-07-19 12:16:15', 1204, 0, 0, 1);

-- --------------------------------------------------------

--
-- 資料表結構 `video_file_thumbnails`
--

CREATE TABLE `video_file_thumbnails` (
  `id` int(10) UNSIGNED NOT NULL,
  `videoId` int(11) NOT NULL,
  `filePath` varchar(50) COLLATE utf8mb4_unicode_ci NOT NULL,
  `selected` int(3) NOT NULL DEFAULT 0
) ENGINE=InnoDB DEFAULT CHARSET=utf8mb4 COLLATE=utf8mb4_unicode_ci;

--
-- 傾印資料表的資料 `video_file_thumbnails`
--

INSERT INTO `video_file_thumbnails` (`id`, `videoId`, `filePath`, `selected`) VALUES
(1, 1, 'uploads/videos/thumbnails/1-60e71187bcc7a.jpg', 0),
(2, 1, 'uploads/videos/thumbnails/1-60e7118dc3891.jpg', 1),
(3, 1, 'uploads/videos/thumbnails/1-60e71199adc8b.jpg', 0),
(4, 2, 'uploads/videos/thumbnails/2-60e713aa797e6.jpg', 1),
(5, 2, 'uploads/videos/thumbnails/2-60e713af5ebd7.jpg', 0),
(6, 2, 'uploads/videos/thumbnails/2-60e713b8e518a.jpg', 0),
(7, 3, 'uploads/videos/thumbnails/3-60e715f5a8515.jpg', 1),
(8, 3, 'uploads/videos/thumbnails/3-60e715f97815e.jpg', 0),
(9, 3, 'uploads/videos/thumbnails/3-60e71601964c6.jpg', 0),
(10, 4, 'uploads/videos/thumbnails/4-60e7190810cdb.jpg', 1),
(11, 4, 'uploads/videos/thumbnails/4-60e7190e281ab.jpg', 0),
(12, 4, 'uploads/videos/thumbnails/4-60e719182d3ba.jpg', 0),
(13, 5, 'uploads/videos/thumbnails/5-60e71c156d0bc.jpg', 1),
(14, 5, 'uploads/videos/thumbnails/5-60e71c1d65924.jpg', 0),
(15, 5, 'uploads/videos/thumbnails/5-60e71c2c35d1d.jpg', 0),
(16, 6, 'uploads/videos/thumbnails/6-60e71eb53ad98.jpg', 1),
(17, 6, 'uploads/videos/thumbnails/6-60e71ebc9c6f9.jpg', 0),
(18, 6, 'uploads/videos/thumbnails/6-60e71ec97fba5.jpg', 0),
(19, 7, 'uploads/videos/thumbnails/7-60e72016a4832.jpg', 1),
(20, 7, 'uploads/videos/thumbnails/7-60e7201a53733.jpg', 0),
(21, 7, 'uploads/videos/thumbnails/7-60e7202133bcd.jpg', 0),
(22, 8, 'uploads/videos/thumbnails/8-60e72150bf287.jpg', 0),
(23, 8, 'uploads/videos/thumbnails/8-60e7215681c57.jpg', 1),
(24, 8, 'uploads/videos/thumbnails/8-60e7215e7449e.jpg', 0),
(25, 9, 'uploads/videos/thumbnails/9-60ecfd08c78e8.jpg', 1),
(26, 9, 'uploads/videos/thumbnails/9-60ecfd272bf68.jpg', 0),
(27, 9, 'uploads/videos/thumbnails/9-60ecfd4716b93.jpg', 0),
(28, 10, 'uploads/videos/thumbnails/10-60ed01b1eb033.jpg', 0),
(29, 10, 'uploads/videos/thumbnails/10-60ed01b6b83fa.jpg', 0),
(30, 10, 'uploads/videos/thumbnails/10-60ed01c1199c5.jpg', 1),
(31, 11, 'uploads/videos/thumbnails/11-60ed050391b24.jpg', 1),
(32, 11, 'uploads/videos/thumbnails/11-60ed05095a456.jpg', 0),
(33, 11, 'uploads/videos/thumbnails/11-60ed0517cf1ea.jpg', 0),
(34, 12, 'uploads/videos/thumbnails/12-60ed0896e91f3.jpg', 1),
(35, 12, 'uploads/videos/thumbnails/12-60ed089b11906.jpg', 0),
(36, 12, 'uploads/videos/thumbnails/12-60ed08a4ae1e0.jpg', 0),
(37, 13, 'uploads/videos/thumbnails/13-60ed0a4b97a88.jpg', 1),
(38, 13, 'uploads/videos/thumbnails/13-60ed0a50a1b26.jpg', 0),
(39, 13, 'uploads/videos/thumbnails/13-60ed0a59cefb3.jpg', 0),
(40, 14, 'uploads/videos/thumbnails/14-60ed0de92f7f7.jpg', 1),
(41, 14, 'uploads/videos/thumbnails/14-60ed0deeed030.jpg', 0),
(42, 14, 'uploads/videos/thumbnails/14-60ed0df925074.jpg', 0),
(43, 15, 'uploads/videos/thumbnails/15-60ed182f1935c.jpg', 1),
(44, 15, 'uploads/videos/thumbnails/15-60ed183de3b60.jpg', 0),
(45, 15, 'uploads/videos/thumbnails/15-60ed185b484af.jpg', 0),
(52, 16, 'uploads/videos/thumbnails/16-60f2628df3c4e.jpg', 0),
(53, 16, 'uploads/videos/thumbnails/16-60f2629444378.jpg', 1),
(54, 16, 'uploads/videos/thumbnails/16-60f262a030eef.jpg', 0),
(55, 17, 'uploads/videos/thumbnails/17-60f26337ec7e9.jpg', 1),
(56, 17, 'uploads/videos/thumbnails/17-60f2633b95275.jpg', 0),
(57, 17, 'uploads/videos/thumbnails/17-60f26341e596b.jpg', 0),
(58, 18, 'uploads/videos/thumbnails/18-60f26459cee8e.jpg', 0),
(59, 18, 'uploads/videos/thumbnails/18-60f2645ab6c0d.jpg', 1),
(60, 18, 'uploads/videos/thumbnails/18-60f2645c42161.jpg', 0),
(61, 19, 'uploads/videos/thumbnails/19-60f2651ee7818.jpg', 1),
(62, 19, 'uploads/videos/thumbnails/19-60f265214af86.jpg', 0),
(63, 19, 'uploads/videos/thumbnails/19-60f26524a90a9.jpg', 0),
(64, 20, 'uploads/videos/thumbnails/20-60f27228bd6d7.jpg', 1),
(65, 20, 'uploads/videos/thumbnails/20-60f2722dc1a49.jpg', 0),
(66, 20, 'uploads/videos/thumbnails/20-60f272351bc22.jpg', 0),
(67, 21, 'uploads/videos/thumbnails/21-60f27487754a5.jpg', 0),
(68, 21, 'uploads/videos/thumbnails/21-60f27489b1219.jpg', 1),
(69, 21, 'uploads/videos/thumbnails/21-60f2748d31298.jpg', 0),
(70, 22, 'uploads/videos/thumbnails/22-60f2760245166.jpg', 0),
(71, 22, 'uploads/videos/thumbnails/22-60f2760d65133.jpg', 1),
(72, 22, 'uploads/videos/thumbnails/22-60f2762340384.jpg', 0),
(73, 23, 'uploads/videos/thumbnails/23-60f299560eeba.jpg', 1),
(74, 23, 'uploads/videos/thumbnails/23-60f299587fa98.jpg', 0),
(75, 23, 'uploads/videos/thumbnails/23-60f2995d683b0.jpg', 0),
(79, 25, 'uploads/videos/thumbnails/25-60f3077c0c65b.jpg', 1),
(80, 25, 'uploads/videos/thumbnails/25-60f3077f52c5c.jpg', 0),
(81, 25, 'uploads/videos/thumbnails/25-60f30785489e6.jpg', 0),
(82, 26, 'uploads/videos/thumbnails/26-60f3097e27dc8.jpg', 1),
(83, 26, 'uploads/videos/thumbnails/26-60f309846d920.jpg', 0),
(84, 26, 'uploads/videos/thumbnails/26-60f3099033a44.jpg', 0),
(85, 27, 'uploads/videos/thumbnails/27-60f30a71d20df.jpg', 1),
(86, 27, 'uploads/videos/thumbnails/27-60f30a72ca067.jpg', 0),
(87, 27, 'uploads/videos/thumbnails/27-60f30a74857c7.jpg', 0),
(88, 28, 'uploads/videos/thumbnails/28-60f4ef0500e47.jpg', 0),
(89, 28, 'uploads/videos/thumbnails/28-60f4ef0c47fa8.jpg', 0),
(90, 28, 'uploads/videos/thumbnails/28-60f4ef1b226aa.jpg', 1),
(91, 29, 'uploads/videos/thumbnails/29-60f4f0127c19d.jpg', 1),
(92, 29, 'uploads/videos/thumbnails/29-60f4f017a4a0f.jpg', 0),
(93, 29, 'uploads/videos/thumbnails/29-60f4f01e09cfb.jpg', 0),
(94, 30, 'uploads/videos/thumbnails/30-60f4fc90095ac.jpg', 0),
(95, 30, 'uploads/videos/thumbnails/30-60f4fc956d252.jpg', 0),
(96, 30, 'uploads/videos/thumbnails/30-60f4fc9f42932.jpg', 1);

-- --------------------------------------------------------

--
-- 資料表結構 `video_tag`
--

CREATE TABLE `video_tag` (
  `video_id` int(6) UNSIGNED NOT NULL,
  `tag_id` int(6) UNSIGNED NOT NULL
) ENGINE=InnoDB DEFAULT CHARSET=utf8mb4;

--
-- 已傾印資料表的索引
--

--
-- 資料表索引 `admin_user`
--
ALTER TABLE `admin_user`
  ADD PRIMARY KEY (`id`);

--
-- 資料表索引 `article`
--
ALTER TABLE `article`
  ADD PRIMARY KEY (`id`);

--
-- 資料表索引 `brand`
--
ALTER TABLE `brand`
  ADD PRIMARY KEY (`id`);

--
-- 資料表索引 `category`
--
ALTER TABLE `category`
  ADD PRIMARY KEY (`id`);

--
-- 資料表索引 `category_tag`
--
ALTER TABLE `category_tag`
  ADD PRIMARY KEY (`id`);

--
-- 資料表索引 `comment_article`
--
ALTER TABLE `comment_article`
  ADD PRIMARY KEY (`id`);

--
-- 資料表索引 `comment_video`
--
ALTER TABLE `comment_video`
  ADD PRIMARY KEY (`id`);

--
-- 資料表索引 `customer_service_data`
--
ALTER TABLE `customer_service_data`
  ADD PRIMARY KEY (`id`);

--
-- 資料表索引 `notifications`
--
ALTER TABLE `notifications`
  ADD PRIMARY KEY (`id`);

--
-- 資料表索引 `order_status`
--
ALTER TABLE `order_status`
  ADD PRIMARY KEY (`id`);

--
-- 資料表索引 `product`
--
ALTER TABLE `product`
  ADD PRIMARY KEY (`id`);

--
-- 資料表索引 `product_category`
--
ALTER TABLE `product_category`
  ADD PRIMARY KEY (`id`);

--
-- 資料表索引 `product_img`
--
ALTER TABLE `product_img`
  ADD PRIMARY KEY (`id`);

--
-- 資料表索引 `product_sku`
--
ALTER TABLE `product_sku`
  ADD PRIMARY KEY (`id`);

--
-- 資料表索引 `product_status`
--
ALTER TABLE `product_status`
  ADD PRIMARY KEY (`id`);

--
-- 資料表索引 `product_type`
--
ALTER TABLE `product_type`
  ADD PRIMARY KEY (`id`);

--
-- 資料表索引 `product_type_value`
--
ALTER TABLE `product_type_value`
  ADD PRIMARY KEY (`id`);

--
-- 資料表索引 `reset_password`
--
ALTER TABLE `reset_password`
  ADD PRIMARY KEY (`id`);

--
-- 資料表索引 `users`
--
ALTER TABLE `users`
  ADD PRIMARY KEY (`id`);

--
-- 資料表索引 `user_collection`
--
ALTER TABLE `user_collection`
  ADD PRIMARY KEY (`id`);

--
-- 資料表索引 `user_like`
--
ALTER TABLE `user_like`
  ADD PRIMARY KEY (`id`);

--
-- 資料表索引 `user_order`
--
ALTER TABLE `user_order`
  ADD PRIMARY KEY (`id`);

--
-- 資料表索引 `user_order_detail`
--
ALTER TABLE `user_order_detail`
  ADD PRIMARY KEY (`id`);

--
-- 資料表索引 `user_watchLater`
--
ALTER TABLE `user_watchLater`
  ADD PRIMARY KEY (`id`);

--
-- 資料表索引 `video_file`
--
ALTER TABLE `video_file`
  ADD PRIMARY KEY (`id`);

--
-- 資料表索引 `video_file_thumbnails`
--
ALTER TABLE `video_file_thumbnails`
  ADD PRIMARY KEY (`id`);

--
-- 在傾印的資料表使用自動遞增(AUTO_INCREMENT)
--

--
-- 使用資料表自動遞增(AUTO_INCREMENT) `admin_user`
--
ALTER TABLE `admin_user`
  MODIFY `id` int(10) UNSIGNED NOT NULL AUTO_INCREMENT, AUTO_INCREMENT=8;

--
-- 使用資料表自動遞增(AUTO_INCREMENT) `article`
--
ALTER TABLE `article`
  MODIFY `id` int(6) UNSIGNED NOT NULL AUTO_INCREMENT, AUTO_INCREMENT=65;

--
-- 使用資料表自動遞增(AUTO_INCREMENT) `brand`
--
ALTER TABLE `brand`
  MODIFY `id` int(5) UNSIGNED NOT NULL AUTO_INCREMENT, AUTO_INCREMENT=13;

--
-- 使用資料表自動遞增(AUTO_INCREMENT) `category`
--
ALTER TABLE `category`
  MODIFY `id` int(6) UNSIGNED NOT NULL AUTO_INCREMENT, AUTO_INCREMENT=6;

--
-- 使用資料表自動遞增(AUTO_INCREMENT) `category_tag`
--
ALTER TABLE `category_tag`
  MODIFY `id` int(6) UNSIGNED NOT NULL AUTO_INCREMENT, AUTO_INCREMENT=7;

--
-- 使用資料表自動遞增(AUTO_INCREMENT) `comment_article`
--
ALTER TABLE `comment_article`
  MODIFY `id` int(6) UNSIGNED NOT NULL AUTO_INCREMENT;

--
-- 使用資料表自動遞增(AUTO_INCREMENT) `comment_video`
--
ALTER TABLE `comment_video`
  MODIFY `id` int(6) UNSIGNED NOT NULL AUTO_INCREMENT;

--
-- 使用資料表自動遞增(AUTO_INCREMENT) `customer_service_data`
--
ALTER TABLE `customer_service_data`
  MODIFY `id` int(6) UNSIGNED NOT NULL AUTO_INCREMENT, AUTO_INCREMENT=2;

--
-- 使用資料表自動遞增(AUTO_INCREMENT) `notifications`
--
ALTER TABLE `notifications`
  MODIFY `id` int(6) UNSIGNED NOT NULL AUTO_INCREMENT;

--
-- 使用資料表自動遞增(AUTO_INCREMENT) `order_status`
--
ALTER TABLE `order_status`
  MODIFY `id` int(10) UNSIGNED NOT NULL AUTO_INCREMENT, AUTO_INCREMENT=4;

--
-- 使用資料表自動遞增(AUTO_INCREMENT) `product`
--
ALTER TABLE `product`
  MODIFY `id` int(5) UNSIGNED NOT NULL AUTO_INCREMENT, AUTO_INCREMENT=41;

--
-- 使用資料表自動遞增(AUTO_INCREMENT) `product_category`
--
ALTER TABLE `product_category`
  MODIFY `id` int(5) UNSIGNED NOT NULL AUTO_INCREMENT, AUTO_INCREMENT=5;

--
-- 使用資料表自動遞增(AUTO_INCREMENT) `product_img`
--
ALTER TABLE `product_img`
  MODIFY `id` int(6) UNSIGNED NOT NULL AUTO_INCREMENT, AUTO_INCREMENT=188;

--
-- 使用資料表自動遞增(AUTO_INCREMENT) `product_sku`
--
ALTER TABLE `product_sku`
  MODIFY `id` int(6) UNSIGNED NOT NULL AUTO_INCREMENT, AUTO_INCREMENT=178;

--
-- 使用資料表自動遞增(AUTO_INCREMENT) `product_status`
--
ALTER TABLE `product_status`
  MODIFY `id` int(2) UNSIGNED NOT NULL AUTO_INCREMENT, AUTO_INCREMENT=4;

--
-- 使用資料表自動遞增(AUTO_INCREMENT) `product_type`
--
ALTER TABLE `product_type`
  MODIFY `id` int(3) UNSIGNED NOT NULL AUTO_INCREMENT, AUTO_INCREMENT=18;

--
-- 使用資料表自動遞增(AUTO_INCREMENT) `product_type_value`
--
ALTER TABLE `product_type_value`
  MODIFY `id` int(6) UNSIGNED NOT NULL AUTO_INCREMENT, AUTO_INCREMENT=158;

--
-- 使用資料表自動遞增(AUTO_INCREMENT) `reset_password`
--
ALTER TABLE `reset_password`
  MODIFY `id` int(11) NOT NULL AUTO_INCREMENT;

--
-- 使用資料表自動遞增(AUTO_INCREMENT) `users`
--
ALTER TABLE `users`
  MODIFY `id` int(6) UNSIGNED NOT NULL AUTO_INCREMENT, AUTO_INCREMENT=21;

--
-- 使用資料表自動遞增(AUTO_INCREMENT) `user_collection`
--
ALTER TABLE `user_collection`
  MODIFY `id` tinyint(4) NOT NULL AUTO_INCREMENT, AUTO_INCREMENT=3;

--
-- 使用資料表自動遞增(AUTO_INCREMENT) `user_like`
--
ALTER TABLE `user_like`
  MODIFY `id` int(6) UNSIGNED NOT NULL AUTO_INCREMENT, AUTO_INCREMENT=3;

--
-- 使用資料表自動遞增(AUTO_INCREMENT) `user_order`
--
ALTER TABLE `user_order`
  MODIFY `id` int(10) UNSIGNED NOT NULL AUTO_INCREMENT, AUTO_INCREMENT=26;

--
-- 使用資料表自動遞增(AUTO_INCREMENT) `user_order_detail`
--
ALTER TABLE `user_order_detail`
  MODIFY `id` int(11) UNSIGNED NOT NULL AUTO_INCREMENT, AUTO_INCREMENT=36;

--
-- 使用資料表自動遞增(AUTO_INCREMENT) `user_watchLater`
--
ALTER TABLE `user_watchLater`
  MODIFY `id` int(11) NOT NULL AUTO_INCREMENT;

--
-- 使用資料表自動遞增(AUTO_INCREMENT) `video_file`
--
ALTER TABLE `video_file`
  MODIFY `id` int(6) UNSIGNED NOT NULL AUTO_INCREMENT, AUTO_INCREMENT=31;

--
-- 使用資料表自動遞增(AUTO_INCREMENT) `video_file_thumbnails`
--
ALTER TABLE `video_file_thumbnails`
  MODIFY `id` int(10) UNSIGNED NOT NULL AUTO_INCREMENT, AUTO_INCREMENT=97;
COMMIT;

/*!40101 SET CHARACTER_SET_CLIENT=@OLD_CHARACTER_SET_CLIENT */;
/*!40101 SET CHARACTER_SET_RESULTS=@OLD_CHARACTER_SET_RESULTS */;
/*!40101 SET COLLATION_CONNECTION=@OLD_COLLATION_CONNECTION */;
